Workbook

Sheet 31 Maret 2026
H1: Helper Kategori | I1: Helper Pilihan Bahan
A2: SATUAN PELAYANAN PEMENUHAN GIZI (SPPG) BATTU WINANGUN NOTA PEMESANAN BAHAN MAKANAN | H2: =IFERROR('Master Data'!E2,"") -> Karbohidrat
H3: =IFERROR('Master Data'!E3,"") -> Protein Hewani
H4: =IFERROR('Master Data'!E4,"") -> Protein Nabati
H5: =IFERROR('Master Data'!E5,"") -> Sayur
H6: =IFERROR('Master Data'!E6,"") -> Buah
A7: Tanggal | B7: Kategori Makanan | C7: Bahan Makanan | D7: Satuan | E7: Jumlah | H7: =IFERROR('Master Data'!E7,"") -> Bumbu Masak Sayur
A8: 46112 | B8: Karbohidrat | C8: Beras | D8: =IF(C8="","",IFERROR(VLOOKUP(C8,'Master Data'!$B$2:$C$527,2,FALSE),"")) -> Kg | E8: 271 | H8: =IFERROR('Master Data'!E8,"") -> Bumbu Masak Sembako | I8: =IFERROR(__xludf.DUMMYFUNCTION("IFERROR(TRANSPOSE(FILTER('Master Data'!$B$2:$B$527,'Master Data'!$A$2:$A$527=$B8)),"""")"),"Beras") -> Beras | J8: =IFERROR(__xludf.DUMMYFUNCTION("""COMPUTED_VALUE"""),"Mie") -> Mie | K8: =IFERROR(__xludf.DUMMYFUNCTION("""COMPUTED_VALUE"""),"Kentang") -> Kentang | L8: =IFERROR(__xludf.DUMMYFUNCTION("""COMPUTED_VALUE"""),"Jagung") -> Jagung | M8: =IFERROR(__xludf.DUMMYFUNCTION("""COMPUTED_VALUE"""),"Roti") -> Roti | N8: =IFERROR(__xludf.DUMMYFUNCTION("""COMPUTED_VALUE"""),"Singkong") -> Singkong | O8: =IFERROR(__xludf.DUMMYFUNCTION("""COMPUTED_VALUE"""),"Ubi") -> Ubi | P8: =IFERROR(__xludf.DUMMYFUNCTION("""COMPUTED_VALUE"""),"Makaroni") -> Makaroni
A9: 46112 | B9: Protein Hewani | C9: Daging Ayam Fillet | D9: =IF(C9="","",IFERROR(VLOOKUP(C9,'Master Data'!$B$2:$C$527,2,FALSE),"")) -> Kg | E9: 148 | H9: =IFERROR('Master Data'!E9,"") -> Isi Ulang | I9: =IFERROR(__xludf.DUMMYFUNCTION("IFERROR(TRANSPOSE(FILTER('Master Data'!$B$2:$B$527,'Master Data'!$A$2:$A$527=$B9)),"""")"),"Daging Ayam Fillet") -> Daging Ayam Fillet | J9: =IFERROR(__xludf.DUMMYFUNCTION("""COMPUTED_VALUE"""),"Daging Ayam Tulang (Potong)") -> Daging Ayam Tulang (Potong) | K9: =IFERROR(__xludf.DUMMYFUNCTION("""COMPUTED_VALUE"""),"Ikan Patin Fillet") -> Ikan Patin Fillet | L9: =IFERROR(__xludf.DUMMYFUNCTION("""COMPUTED_VALUE"""),"Telur") -> Telur | M9: =IFERROR(__xludf.DUMMYFUNCTION("""COMPUTED_VALUE"""),"Ikan giling") -> Ikan giling | N9: =IFERROR(__xludf.DUMMYFUNCTION("""COMPUTED_VALUE"""),"Ayam Giling") -> Ayam Giling | O9: =IFERROR(__xludf.DUMMYFUNCTION("""COMPUTED_VALUE"""),"Daging Sapi") -> Daging Sapi | P9: =IFERROR(__xludf.DUMMYFUNCTION("""COMPUTED_VALUE"""),"Udang") -> Udang | Q9: =IFERROR(__xludf.DUMMYFUNCTION("""COMPUTED_VALUE"""),"Susu UHT") -> Susu UHT
A10: 46112 | B10: Protein Nabati | C10: Tahu | D10: =IF(C10="","",IFERROR(VLOOKUP(C10,'Master Data'!$B$2:$C$527,2,FALSE),"")) -> Pcs | E10: 3355 | H10: =IFERROR('Master Data'!E10,"") -> Packaging | I10: =IFERROR(__xludf.DUMMYFUNCTION("IFERROR(TRANSPOSE(FILTER('Master Data'!$B$2:$B$527,'Master Data'!$A$2:$A$527=$B10)),"""")"),"Tempe") -> Tempe | J10: =IFERROR(__xludf.DUMMYFUNCTION("""COMPUTED_VALUE"""),"Tahu") -> Tahu | K10: =IFERROR(__xludf.DUMMYFUNCTION("""COMPUTED_VALUE"""),"Kacang Hijau") -> Kacang Hijau | L10: =IFERROR(__xludf.DUMMYFUNCTION("""COMPUTED_VALUE"""),"Kacang Tanah") -> Kacang Tanah | M10: =IFERROR(__xludf.DUMMYFUNCTION("""COMPUTED_VALUE"""),"Kedelai") -> Kedelai | N10: =IFERROR(__xludf.DUMMYFUNCTION("""COMPUTED_VALUE"""),"Oncom") -> Oncom
A11: 46112 | B11: Sayur | C11: Labu Siam | D11: =IF(C11="","",IFERROR(VLOOKUP(C11,'Master Data'!$B$2:$C$527,2,FALSE),"")) -> Kg | E11: 235 | H11: =IFERROR('Master Data'!E12,"") | I11: =IFERROR(__xludf.DUMMYFUNCTION("IFERROR(TRANSPOSE(FILTER('Master Data'!$B$2:$B$527,'Master Data'!$A$2:$A$527=$B11)),"""")"),"Wortel") -> Wortel | J11: =IFERROR(__xludf.DUMMYFUNCTION("""COMPUTED_VALUE"""),"Kacang Panjang") -> Kacang Panjang | K11: =IFERROR(__xludf.DUMMYFUNCTION("""COMPUTED_VALUE"""),"Tauge") -> Tauge | L11: =IFERROR(__xludf.DUMMYFUNCTION("""COMPUTED_VALUE"""),"Kubis") -> Kubis | M11: =IFERROR(__xludf.DUMMYFUNCTION("""COMPUTED_VALUE"""),"Buncis") -> Buncis | N11: =IFERROR(__xludf.DUMMYFUNCTION("""COMPUTED_VALUE"""),"Kembang Kol") -> Kembang Kol | O11: =IFERROR(__xludf.DUMMYFUNCTION("""COMPUTED_VALUE"""),"Sawi Putih") -> Sawi Putih | P11: =IFERROR(__xludf.DUMMYFUNCTION("""COMPUTED_VALUE"""),"Caisin") -> Caisin | Q11: =IFERROR(__xludf.DUMMYFUNCTION("""COMPUTED_VALUE"""),"Timun") -> Timun | R11: =IFERROR(__xludf.DUMMYFUNCTION("""COMPUTED_VALUE"""),"Daun Bawang") -> Daun Bawang | S11: =IFERROR(__xludf.DUMMYFUNCTION("""COMPUTED_VALUE"""),"Labu Siam") -> Labu Siam | T11: =IFERROR(__xludf.DUMMYFUNCTION("""COMPUTED_VALUE"""),"Tomat") -> Tomat | U11: =IFERROR(__xludf.DUMMYFUNCTION("""COMPUTED_VALUE"""),"Kemangi") -> Kemangi | V11: =IFERROR(__xludf.DUMMYFUNCTION("""COMPUTED_VALUE"""),"Jagung ") -> Jagung
A12: 46112 | B12: Sayur | C12: Wortel | D12: =IF(C12="","",IFERROR(VLOOKUP(C12,'Master Data'!$B$2:$C$527,2,FALSE),"")) -> Kg | E12: 30 | H12: =IFERROR('Master Data'!E14,"") | I12: =IFERROR(__xludf.DUMMYFUNCTION("IFERROR(TRANSPOSE(FILTER('Master Data'!$B$2:$B$527,'Master Data'!$A$2:$A$527=$B12)),"""")"),"Wortel") -> Wortel | J12: =IFERROR(__xludf.DUMMYFUNCTION("""COMPUTED_VALUE"""),"Kacang Panjang") -> Kacang Panjang | K12: =IFERROR(__xludf.DUMMYFUNCTION("""COMPUTED_VALUE"""),"Tauge") -> Tauge | L12: =IFERROR(__xludf.DUMMYFUNCTION("""COMPUTED_VALUE"""),"Kubis") -> Kubis | M12: =IFERROR(__xludf.DUMMYFUNCTION("""COMPUTED_VALUE"""),"Buncis") -> Buncis | N12: =IFERROR(__xludf.DUMMYFUNCTION("""COMPUTED_VALUE"""),"Kembang Kol") -> Kembang Kol | O12: =IFERROR(__xludf.DUMMYFUNCTION("""COMPUTED_VALUE"""),"Sawi Putih") -> Sawi Putih | P12: =IFERROR(__xludf.DUMMYFUNCTION("""COMPUTED_VALUE"""),"Caisin") -> Caisin | Q12: =IFERROR(__xludf.DUMMYFUNCTION("""COMPUTED_VALUE"""),"Timun") -> Timun | R12: =IFERROR(__xludf.DUMMYFUNCTION("""COMPUTED_VALUE"""),"Daun Bawang") -> Daun Bawang | S12: =IFERROR(__xludf.DUMMYFUNCTION("""COMPUTED_VALUE"""),"Labu Siam") -> Labu Siam | T12: =IFERROR(__xludf.DUMMYFUNCTION("""COMPUTED_VALUE"""),"Tomat") -> Tomat | U12: =IFERROR(__xludf.DUMMYFUNCTION("""COMPUTED_VALUE"""),"Kemangi") -> Kemangi | V12: =IFERROR(__xludf.DUMMYFUNCTION("""COMPUTED_VALUE"""),"Jagung ") -> Jagung
A13: 46112 | B13: Bumbu Masak Sayur | C13: Cabe Merah | D13: =IF(C13="","",IFERROR(VLOOKUP(C13,'Master Data'!$B$2:$C$527,2,FALSE),"")) -> Kg | E13: 3 | H13: =IFERROR('Master Data'!E17,"") | I13: =IFERROR(__xludf.DUMMYFUNCTION("IFERROR(TRANSPOSE(FILTER('Master Data'!$B$2:$B$527,'Master Data'!$A$2:$A$527=$B13)),"""")"),"Bawang Merah") -> Bawang Merah | J13: =IFERROR(__xludf.DUMMYFUNCTION("""COMPUTED_VALUE"""),"Bawang Putih") -> Bawang Putih | K13: =IFERROR(__xludf.DUMMYFUNCTION("""COMPUTED_VALUE"""),"Laos") -> Laos | L13: =IFERROR(__xludf.DUMMYFUNCTION("""COMPUTED_VALUE"""),"Serai") -> Serai | M13: =IFERROR(__xludf.DUMMYFUNCTION("""COMPUTED_VALUE"""),"Cabe Merah") -> Cabe Merah | N13: =IFERROR(__xludf.DUMMYFUNCTION("""COMPUTED_VALUE"""),"Bawang Bombay") -> Bawang Bombay | O13: =IFERROR(__xludf.DUMMYFUNCTION("""COMPUTED_VALUE"""),"Ketumbar") -> Ketumbar | P13: =IFERROR(__xludf.DUMMYFUNCTION("""COMPUTED_VALUE"""),"Kencur") -> Kencur | Q13: =IFERROR(__xludf.DUMMYFUNCTION("""COMPUTED_VALUE"""),"Kunyit") -> Kunyit | R13: =IFERROR(__xludf.DUMMYFUNCTION("""COMPUTED_VALUE"""),"Jahe") -> Jahe | S13: =IFERROR(__xludf.DUMMYFUNCTION("""COMPUTED_VALUE"""),"Kelapa Parut") -> Kelapa Parut | T13: =IFERROR(__xludf.DUMMYFUNCTION("""COMPUTED_VALUE"""),"Cabe Ijo") -> Cabe Ijo
A14: 46112 | B14: Sayur | C14: Daun Bawang | D14: =IF(C14="","",IFERROR(VLOOKUP(C14,'Master Data'!$B$2:$C$527,2,FALSE),"")) -> Kg | E14: 3 | H14: =IFERROR('Master Data'!E18,"") | I14: =IFERROR(__xludf.DUMMYFUNCTION("IFERROR(TRANSPOSE(FILTER('Master Data'!$B$2:$B$527,'Master Data'!$A$2:$A$527=$B14)),"""")"),"Wortel") -> Wortel | J14: =IFERROR(__xludf.DUMMYFUNCTION("""COMPUTED_VALUE"""),"Kacang Panjang") -> Kacang Panjang | K14: =IFERROR(__xludf.DUMMYFUNCTION("""COMPUTED_VALUE"""),"Tauge") -> Tauge | L14: =IFERROR(__xludf.DUMMYFUNCTION("""COMPUTED_VALUE"""),"Kubis") -> Kubis | M14: =IFERROR(__xludf.DUMMYFUNCTION("""COMPUTED_VALUE"""),"Buncis") -> Buncis | N14: =IFERROR(__xludf.DUMMYFUNCTION("""COMPUTED_VALUE"""),"Kembang Kol") -> Kembang Kol | O14: =IFERROR(__xludf.DUMMYFUNCTION("""COMPUTED_VALUE"""),"Sawi Putih") -> Sawi Putih | P14: =IFERROR(__xludf.DUMMYFUNCTION("""COMPUTED_VALUE"""),"Caisin") -> Caisin | Q14: =IFERROR(__xludf.DUMMYFUNCTION("""COMPUTED_VALUE"""),"Timun") -> Timun | R14: =IFERROR(__xludf.DUMMYFUNCTION("""COMPUTED_VALUE"""),"Daun Bawang") -> Daun Bawang | S14: =IFERROR(__xludf.DUMMYFUNCTION("""COMPUTED_VALUE"""),"Labu Siam") -> Labu Siam | T14: =IFERROR(__xludf.DUMMYFUNCTION("""COMPUTED_VALUE"""),"Tomat") -> Tomat | U14: =IFERROR(__xludf.DUMMYFUNCTION("""COMPUTED_VALUE"""),"Kemangi") -> Kemangi | V14: =IFERROR(__xludf.DUMMYFUNCTION("""COMPUTED_VALUE"""),"Jagung ") -> Jagung
A15: 46112 | B15: Bumbu Masak Sayur | C15: Bawang Merah | D15: =IF(C15="","",IFERROR(VLOOKUP(C15,'Master Data'!$B$2:$C$527,2,FALSE),"")) -> Kg | E15: 4 | H15: =IFERROR('Master Data'!E19,"") | I15: =IFERROR(__xludf.DUMMYFUNCTION("IFERROR(TRANSPOSE(FILTER('Master Data'!$B$2:$B$527,'Master Data'!$A$2:$A$527=$B15)),"""")"),"Bawang Merah") -> Bawang Merah | J15: =IFERROR(__xludf.DUMMYFUNCTION("""COMPUTED_VALUE"""),"Bawang Putih") -> Bawang Putih | K15: =IFERROR(__xludf.DUMMYFUNCTION("""COMPUTED_VALUE"""),"Laos") -> Laos | L15: =IFERROR(__xludf.DUMMYFUNCTION("""COMPUTED_VALUE"""),"Serai") -> Serai | M15: =IFERROR(__xludf.DUMMYFUNCTION("""COMPUTED_VALUE"""),"Cabe Merah") -> Cabe Merah | N15: =IFERROR(__xludf.DUMMYFUNCTION("""COMPUTED_VALUE"""),"Bawang Bombay") -> Bawang Bombay | O15: =IFERROR(__xludf.DUMMYFUNCTION("""COMPUTED_VALUE"""),"Ketumbar") -> Ketumbar | P15: =IFERROR(__xludf.DUMMYFUNCTION("""COMPUTED_VALUE"""),"Kencur") -> Kencur | Q15: =IFERROR(__xludf.DUMMYFUNCTION("""COMPUTED_VALUE"""),"Kunyit") -> Kunyit | R15: =IFERROR(__xludf.DUMMYFUNCTION("""COMPUTED_VALUE"""),"Jahe") -> Jahe | S15: =IFERROR(__xludf.DUMMYFUNCTION("""COMPUTED_VALUE"""),"Kelapa Parut") -> Kelapa Parut | T15: =IFERROR(__xludf.DUMMYFUNCTION("""COMPUTED_VALUE"""),"Cabe Ijo") -> Cabe Ijo
A16: 46112 | B16: Bumbu Masak Sayur | C16: Bawang Putih | D16: =IF(C16="","",IFERROR(VLOOKUP(C16,'Master Data'!$B$2:$C$527,2,FALSE),"")) -> Kg | E16: 4 | H16: =IFERROR('Master Data'!E21,"") | I16: =IFERROR(__xludf.DUMMYFUNCTION("IFERROR(TRANSPOSE(FILTER('Master Data'!$B$2:$B$527,'Master Data'!$A$2:$A$527=$B16)),"""")"),"Bawang Merah") -> Bawang Merah | J16: =IFERROR(__xludf.DUMMYFUNCTION("""COMPUTED_VALUE"""),"Bawang Putih") -> Bawang Putih | K16: =IFERROR(__xludf.DUMMYFUNCTION("""COMPUTED_VALUE"""),"Laos") -> Laos | L16: =IFERROR(__xludf.DUMMYFUNCTION("""COMPUTED_VALUE"""),"Serai") -> Serai | M16: =IFERROR(__xludf.DUMMYFUNCTION("""COMPUTED_VALUE"""),"Cabe Merah") -> Cabe Merah | N16: =IFERROR(__xludf.DUMMYFUNCTION("""COMPUTED_VALUE"""),"Bawang Bombay") -> Bawang Bombay | O16: =IFERROR(__xludf.DUMMYFUNCTION("""COMPUTED_VALUE"""),"Ketumbar") -> Ketumbar | P16: =IFERROR(__xludf.DUMMYFUNCTION("""COMPUTED_VALUE"""),"Kencur") -> Kencur | Q16: =IFERROR(__xludf.DUMMYFUNCTION("""COMPUTED_VALUE"""),"Kunyit") -> Kunyit | R16: =IFERROR(__xludf.DUMMYFUNCTION("""COMPUTED_VALUE"""),"Jahe") -> Jahe | S16: =IFERROR(__xludf.DUMMYFUNCTION("""COMPUTED_VALUE"""),"Kelapa Parut") -> Kelapa Parut | T16: =IFERROR(__xludf.DUMMYFUNCTION("""COMPUTED_VALUE"""),"Cabe Ijo") -> Cabe Ijo
A17: 46112 | B17: Bumbu Masak Sayur | C17: Bawang Bombay | D17: =IF(C17="","",IFERROR(VLOOKUP(C17,'Master Data'!$B$2:$C$527,2,FALSE),"")) -> Kg | E17: 3 | H17: =IFERROR('Master Data'!E22,"") | I17: =IFERROR(__xludf.DUMMYFUNCTION("IFERROR(TRANSPOSE(FILTER('Master Data'!$B$2:$B$527,'Master Data'!$A$2:$A$527=$B17)),"""")"),"Bawang Merah") -> Bawang Merah | J17: =IFERROR(__xludf.DUMMYFUNCTION("""COMPUTED_VALUE"""),"Bawang Putih") -> Bawang Putih | K17: =IFERROR(__xludf.DUMMYFUNCTION("""COMPUTED_VALUE"""),"Laos") -> Laos | L17: =IFERROR(__xludf.DUMMYFUNCTION("""COMPUTED_VALUE"""),"Serai") -> Serai | M17: =IFERROR(__xludf.DUMMYFUNCTION("""COMPUTED_VALUE"""),"Cabe Merah") -> Cabe Merah | N17: =IFERROR(__xludf.DUMMYFUNCTION("""COMPUTED_VALUE"""),"Bawang Bombay") -> Bawang Bombay | O17: =IFERROR(__xludf.DUMMYFUNCTION("""COMPUTED_VALUE"""),"Ketumbar") -> Ketumbar | P17: =IFERROR(__xludf.DUMMYFUNCTION("""COMPUTED_VALUE"""),"Kencur") -> Kencur | Q17: =IFERROR(__xludf.DUMMYFUNCTION("""COMPUTED_VALUE"""),"Kunyit") -> Kunyit | R17: =IFERROR(__xludf.DUMMYFUNCTION("""COMPUTED_VALUE"""),"Jahe") -> Jahe | S17: =IFERROR(__xludf.DUMMYFUNCTION("""COMPUTED_VALUE"""),"Kelapa Parut") -> Kelapa Parut | T17: =IFERROR(__xludf.DUMMYFUNCTION("""COMPUTED_VALUE"""),"Cabe Ijo") -> Cabe Ijo
A18: 46112 | B18: Sayur | C18: Tomat | D18: =IF(C18="","",IFERROR(VLOOKUP(C18,'Master Data'!$B$2:$C$527,2,FALSE),"")) -> Kg | E18: 15 | H18: =IFERROR('Master Data'!E23,"") | I18: =IFERROR(__xludf.DUMMYFUNCTION("IFERROR(TRANSPOSE(FILTER('Master Data'!$B$2:$B$527,'Master Data'!$A$2:$A$527=$B18)),"""")"),"Wortel") -> Wortel | J18: =IFERROR(__xludf.DUMMYFUNCTION("""COMPUTED_VALUE"""),"Kacang Panjang") -> Kacang Panjang | K18: =IFERROR(__xludf.DUMMYFUNCTION("""COMPUTED_VALUE"""),"Tauge") -> Tauge | L18: =IFERROR(__xludf.DUMMYFUNCTION("""COMPUTED_VALUE"""),"Kubis") -> Kubis | M18: =IFERROR(__xludf.DUMMYFUNCTION("""COMPUTED_VALUE"""),"Buncis") -> Buncis | N18: =IFERROR(__xludf.DUMMYFUNCTION("""COMPUTED_VALUE"""),"Kembang Kol") -> Kembang Kol | O18: =IFERROR(__xludf.DUMMYFUNCTION("""COMPUTED_VALUE"""),"Sawi Putih") -> Sawi Putih | P18: =IFERROR(__xludf.DUMMYFUNCTION("""COMPUTED_VALUE"""),"Caisin") -> Caisin | Q18: =IFERROR(__xludf.DUMMYFUNCTION("""COMPUTED_VALUE"""),"Timun") -> Timun | R18: =IFERROR(__xludf.DUMMYFUNCTION("""COMPUTED_VALUE"""),"Daun Bawang") -> Daun Bawang | S18: =IFERROR(__xludf.DUMMYFUNCTION("""COMPUTED_VALUE"""),"Labu Siam") -> Labu Siam | T18: =IFERROR(__xludf.DUMMYFUNCTION("""COMPUTED_VALUE"""),"Tomat") -> Tomat | U18: =IFERROR(__xludf.DUMMYFUNCTION("""COMPUTED_VALUE"""),"Kemangi") -> Kemangi | V18: =IFERROR(__xludf.DUMMYFUNCTION("""COMPUTED_VALUE"""),"Jagung ") -> Jagung
A19: 46112 | B19: Buah | C19: Melon | D19: =IF(C19="","",IFERROR(VLOOKUP(C19,'Master Data'!$B$2:$C$527,2,FALSE),"")) -> Kg | E19: 598 | H19: =IFERROR('Master Data'!E25,"") | I19: =IFERROR(__xludf.DUMMYFUNCTION("IFERROR(TRANSPOSE(FILTER('Master Data'!$B$2:$B$527,'Master Data'!$A$2:$A$527=$B19)),"""")"),"Melon") -> Melon | J19: =IFERROR(__xludf.DUMMYFUNCTION("""COMPUTED_VALUE"""),"Semangka") -> Semangka | K19: =IFERROR(__xludf.DUMMYFUNCTION("""COMPUTED_VALUE"""),"Jeruk") -> Jeruk | L19: =IFERROR(__xludf.DUMMYFUNCTION("""COMPUTED_VALUE"""),"Pisang") -> Pisang | M19: =IFERROR(__xludf.DUMMYFUNCTION("""COMPUTED_VALUE"""),"Buah Naga") -> Buah Naga | N19: =IFERROR(__xludf.DUMMYFUNCTION("""COMPUTED_VALUE"""),"Salak") -> Salak | O19: =IFERROR(__xludf.DUMMYFUNCTION("""COMPUTED_VALUE"""),"Apel") -> Apel
A20: 46112 | B20: Bumbu Masak Sembako | C20: Tepung Terigu | D20: =IF(C20="","",IFERROR(VLOOKUP(C20,'Master Data'!$B$2:$C$527,2,FALSE),"")) -> Dus | E20: 3 | H20: =IFERROR('Master Data'!E26,"") | I20: =IFERROR(__xludf.DUMMYFUNCTION("IFERROR(TRANSPOSE(FILTER('Master Data'!$B$2:$B$527,'Master Data'!$A$2:$A$527=$B20)),"""")"),"Tepung Terigu") -> Tepung Terigu | J20: =IFERROR(__xludf.DUMMYFUNCTION("""COMPUTED_VALUE"""),"Tepung Tapioka") -> Tepung Tapioka | K20: =IFERROR(__xludf.DUMMYFUNCTION("""COMPUTED_VALUE"""),"Sajiku") -> Sajiku | L20: =IFERROR(__xludf.DUMMYFUNCTION("""COMPUTED_VALUE"""),"Lada") -> Lada | M20: =IFERROR(__xludf.DUMMYFUNCTION("""COMPUTED_VALUE"""),"Minyak Goreng") -> Minyak Goreng | N20: =IFERROR(__xludf.DUMMYFUNCTION("""COMPUTED_VALUE"""),"Maizena") -> Maizena | O20: =IFERROR(__xludf.DUMMYFUNCTION("""COMPUTED_VALUE"""),"Saori") -> Saori | P20: =IFERROR(__xludf.DUMMYFUNCTION("""COMPUTED_VALUE"""),"Tepung Beras") -> Tepung Beras | Q20: =IFERROR(__xludf.DUMMYFUNCTION("""COMPUTED_VALUE"""),"Garam Kasar") -> Garam Kasar | R20: =IFERROR(__xludf.DUMMYFUNCTION("""COMPUTED_VALUE"""),"Garam Halus") -> Garam Halus | S20: =IFERROR(__xludf.DUMMYFUNCTION("""COMPUTED_VALUE"""),"Gula Putih") -> Gula Putih | T20: =IFERROR(__xludf.DUMMYFUNCTION("""COMPUTED_VALUE"""),"Gula Merah") -> Gula Merah | U20: =IFERROR(__xludf.DUMMYFUNCTION("""COMPUTED_VALUE"""),"Kecap") -> Kecap | V20: =IFERROR(__xludf.DUMMYFUNCTION("""COMPUTED_VALUE"""),"Keju") -> Keju | W20: =IFERROR(__xludf.DUMMYFUNCTION("""COMPUTED_VALUE"""),"Bumbu Marinasi") -> Bumbu Marinasi | X20: =IFERROR(__xludf.DUMMYFUNCTION("""COMPUTED_VALUE"""),"Saos Tomat") -> Saos Tomat | Y20: =IFERROR(__xludf.DUMMYFUNCTION("""COMPUTED_VALUE"""),"Tepung Panir") -> Tepung Panir | Z20: =IFERROR(__xludf.DUMMYFUNCTION("""COMPUTED_VALUE"""),"Asem Jawa") -> Asem Jawa
A21: 46112 | B21: Bumbu Masak Sembako | C21: Maizena | D21: =IF(C21="","",IFERROR(VLOOKUP(C21,'Master Data'!$B$2:$C$527,2,FALSE),"")) -> Pack | E21: 7 | H21: =IFERROR('Master Data'!E27,"") | I21: =IFERROR(__xludf.DUMMYFUNCTION("IFERROR(TRANSPOSE(FILTER('Master Data'!$B$2:$B$527,'Master Data'!$A$2:$A$527=$B21)),"""")"),"Tepung Terigu") -> Tepung Terigu | J21: =IFERROR(__xludf.DUMMYFUNCTION("""COMPUTED_VALUE"""),"Tepung Tapioka") -> Tepung Tapioka | K21: =IFERROR(__xludf.DUMMYFUNCTION("""COMPUTED_VALUE"""),"Sajiku") -> Sajiku | L21: =IFERROR(__xludf.DUMMYFUNCTION("""COMPUTED_VALUE"""),"Lada") -> Lada | M21: =IFERROR(__xludf.DUMMYFUNCTION("""COMPUTED_VALUE"""),"Minyak Goreng") -> Minyak Goreng | N21: =IFERROR(__xludf.DUMMYFUNCTION("""COMPUTED_VALUE"""),"Maizena") -> Maizena | O21: =IFERROR(__xludf.DUMMYFUNCTION("""COMPUTED_VALUE"""),"Saori") -> Saori | P21: =IFERROR(__xludf.DUMMYFUNCTION("""COMPUTED_VALUE"""),"Tepung Beras") -> Tepung Beras | Q21: =IFERROR(__xludf.DUMMYFUNCTION("""COMPUTED_VALUE"""),"Garam Kasar") -> Garam Kasar | R21: =IFERROR(__xludf.DUMMYFUNCTION("""COMPUTED_VALUE"""),"Garam Halus") -> Garam Halus | S21: =IFERROR(__xludf.DUMMYFUNCTION("""COMPUTED_VALUE"""),"Gula Putih") -> Gula Putih | T21: =IFERROR(__xludf.DUMMYFUNCTION("""COMPUTED_VALUE"""),"Gula Merah") -> Gula Merah | U21: =IFERROR(__xludf.DUMMYFUNCTION("""COMPUTED_VALUE"""),"Kecap") -> Kecap | V21: =IFERROR(__xludf.DUMMYFUNCTION("""COMPUTED_VALUE"""),"Keju") -> Keju | W21: =IFERROR(__xludf.DUMMYFUNCTION("""COMPUTED_VALUE"""),"Bumbu Marinasi") -> Bumbu Marinasi | X21: =IFERROR(__xludf.DUMMYFUNCTION("""COMPUTED_VALUE"""),"Saos Tomat") -> Saos Tomat | Y21: =IFERROR(__xludf.DUMMYFUNCTION("""COMPUTED_VALUE"""),"Tepung Panir") -> Tepung Panir | Z21: =IFERROR(__xludf.DUMMYFUNCTION("""COMPUTED_VALUE"""),"Asem Jawa") -> Asem Jawa
A22: 46112 | B22: Bumbu Masak Sembako | C22: Saori | D22: =IF(C22="","",IFERROR(VLOOKUP(C22,'Master Data'!$B$2:$C$527,2,FALSE),"")) -> Pcs | E22: 3 | H22: =IFERROR('Master Data'!E28,"") | I22: =IFERROR(__xludf.DUMMYFUNCTION("IFERROR(TRANSPOSE(FILTER('Master Data'!$B$2:$B$527,'Master Data'!$A$2:$A$527=$B22)),"""")"),"Tepung Terigu") -> Tepung Terigu | J22: =IFERROR(__xludf.DUMMYFUNCTION("""COMPUTED_VALUE"""),"Tepung Tapioka") -> Tepung Tapioka | K22: =IFERROR(__xludf.DUMMYFUNCTION("""COMPUTED_VALUE"""),"Sajiku") -> Sajiku | L22: =IFERROR(__xludf.DUMMYFUNCTION("""COMPUTED_VALUE"""),"Lada") -> Lada | M22: =IFERROR(__xludf.DUMMYFUNCTION("""COMPUTED_VALUE"""),"Minyak Goreng") -> Minyak Goreng | N22: =IFERROR(__xludf.DUMMYFUNCTION("""COMPUTED_VALUE"""),"Maizena") -> Maizena | O22: =IFERROR(__xludf.DUMMYFUNCTION("""COMPUTED_VALUE"""),"Saori") -> Saori | P22: =IFERROR(__xludf.DUMMYFUNCTION("""COMPUTED_VALUE"""),"Tepung Beras") -> Tepung Beras | Q22: =IFERROR(__xludf.DUMMYFUNCTION("""COMPUTED_VALUE"""),"Garam Kasar") -> Garam Kasar | R22: =IFERROR(__xludf.DUMMYFUNCTION("""COMPUTED_VALUE"""),"Garam Halus") -> Garam Halus | S22: =IFERROR(__xludf.DUMMYFUNCTION("""COMPUTED_VALUE"""),"Gula Putih") -> Gula Putih | T22: =IFERROR(__xludf.DUMMYFUNCTION("""COMPUTED_VALUE"""),"Gula Merah") -> Gula Merah | U22: =IFERROR(__xludf.DUMMYFUNCTION("""COMPUTED_VALUE"""),"Kecap") -> Kecap | V22: =IFERROR(__xludf.DUMMYFUNCTION("""COMPUTED_VALUE"""),"Keju") -> Keju | W22: =IFERROR(__xludf.DUMMYFUNCTION("""COMPUTED_VALUE"""),"Bumbu Marinasi") -> Bumbu Marinasi | X22: =IFERROR(__xludf.DUMMYFUNCTION("""COMPUTED_VALUE"""),"Saos Tomat") -> Saos Tomat | Y22: =IFERROR(__xludf.DUMMYFUNCTION("""COMPUTED_VALUE"""),"Tepung Panir") -> Tepung Panir | Z22: =IFERROR(__xludf.DUMMYFUNCTION("""COMPUTED_VALUE"""),"Asem Jawa") -> Asem Jawa
A23: 46112 | B23: Bumbu Masak Sembako | C23: Tepung Tapioka | D23: =IF(C23="","",IFERROR(VLOOKUP(C23,'Master Data'!$B$2:$C$527,2,FALSE),"")) -> Dus | E23: 3 | H23: =IFERROR('Master Data'!E29,"") | I23: =IFERROR(__xludf.DUMMYFUNCTION("IFERROR(TRANSPOSE(FILTER('Master Data'!$B$2:$B$527,'Master Data'!$A$2:$A$527=$B23)),"""")"),"Tepung Terigu") -> Tepung Terigu | J23: =IFERROR(__xludf.DUMMYFUNCTION("""COMPUTED_VALUE"""),"Tepung Tapioka") -> Tepung Tapioka | K23: =IFERROR(__xludf.DUMMYFUNCTION("""COMPUTED_VALUE"""),"Sajiku") -> Sajiku | L23: =IFERROR(__xludf.DUMMYFUNCTION("""COMPUTED_VALUE"""),"Lada") -> Lada | M23: =IFERROR(__xludf.DUMMYFUNCTION("""COMPUTED_VALUE"""),"Minyak Goreng") -> Minyak Goreng | N23: =IFERROR(__xludf.DUMMYFUNCTION("""COMPUTED_VALUE"""),"Maizena") -> Maizena | O23: =IFERROR(__xludf.DUMMYFUNCTION("""COMPUTED_VALUE"""),"Saori") -> Saori | P23: =IFERROR(__xludf.DUMMYFUNCTION("""COMPUTED_VALUE"""),"Tepung Beras") -> Tepung Beras | Q23: =IFERROR(__xludf.DUMMYFUNCTION("""COMPUTED_VALUE"""),"Garam Kasar") -> Garam Kasar | R23: =IFERROR(__xludf.DUMMYFUNCTION("""COMPUTED_VALUE"""),"Garam Halus") -> Garam Halus | S23: =IFERROR(__xludf.DUMMYFUNCTION("""COMPUTED_VALUE"""),"Gula Putih") -> Gula Putih | T23: =IFERROR(__xludf.DUMMYFUNCTION("""COMPUTED_VALUE"""),"Gula Merah") -> Gula Merah | U23: =IFERROR(__xludf.DUMMYFUNCTION("""COMPUTED_VALUE"""),"Kecap") -> Kecap | V23: =IFERROR(__xludf.DUMMYFUNCTION("""COMPUTED_VALUE"""),"Keju") -> Keju | W23: =IFERROR(__xludf.DUMMYFUNCTION("""COMPUTED_VALUE"""),"Bumbu Marinasi") -> Bumbu Marinasi | X23: =IFERROR(__xludf.DUMMYFUNCTION("""COMPUTED_VALUE"""),"Saos Tomat") -> Saos Tomat | Y23: =IFERROR(__xludf.DUMMYFUNCTION("""COMPUTED_VALUE"""),"Tepung Panir") -> Tepung Panir | Z23: =IFERROR(__xludf.DUMMYFUNCTION("""COMPUTED_VALUE"""),"Asem Jawa") -> Asem Jawa
A24: 46112 | B24: Bumbu Masak Sembako | C24: Minyak Goreng | D24: =IF(C24="","",IFERROR(VLOOKUP(C24,'Master Data'!$B$2:$C$527,2,FALSE),"")) -> Dus | E24: 1 | H24: =IFERROR('Master Data'!E30,"") | I24: =IFERROR(__xludf.DUMMYFUNCTION("IFERROR(TRANSPOSE(FILTER('Master Data'!$B$2:$B$527,'Master Data'!$A$2:$A$527=$B24)),"""")"),"Tepung Terigu") -> Tepung Terigu | J24: =IFERROR(__xludf.DUMMYFUNCTION("""COMPUTED_VALUE"""),"Tepung Tapioka") -> Tepung Tapioka | K24: =IFERROR(__xludf.DUMMYFUNCTION("""COMPUTED_VALUE"""),"Sajiku") -> Sajiku | L24: =IFERROR(__xludf.DUMMYFUNCTION("""COMPUTED_VALUE"""),"Lada") -> Lada | M24: =IFERROR(__xludf.DUMMYFUNCTION("""COMPUTED_VALUE"""),"Minyak Goreng") -> Minyak Goreng | N24: =IFERROR(__xludf.DUMMYFUNCTION("""COMPUTED_VALUE"""),"Maizena") -> Maizena | O24: =IFERROR(__xludf.DUMMYFUNCTION("""COMPUTED_VALUE"""),"Saori") -> Saori | P24: =IFERROR(__xludf.DUMMYFUNCTION("""COMPUTED_VALUE"""),"Tepung Beras") -> Tepung Beras | Q24: =IFERROR(__xludf.DUMMYFUNCTION("""COMPUTED_VALUE"""),"Garam Kasar") -> Garam Kasar | R24: =IFERROR(__xludf.DUMMYFUNCTION("""COMPUTED_VALUE"""),"Garam Halus") -> Garam Halus | S24: =IFERROR(__xludf.DUMMYFUNCTION("""COMPUTED_VALUE"""),"Gula Putih") -> Gula Putih | T24: =IFERROR(__xludf.DUMMYFUNCTION("""COMPUTED_VALUE"""),"Gula Merah") -> Gula Merah | U24: =IFERROR(__xludf.DUMMYFUNCTION("""COMPUTED_VALUE"""),"Kecap") -> Kecap | V24: =IFERROR(__xludf.DUMMYFUNCTION("""COMPUTED_VALUE"""),"Keju") -> Keju | W24: =IFERROR(__xludf.DUMMYFUNCTION("""COMPUTED_VALUE"""),"Bumbu Marinasi") -> Bumbu Marinasi | X24: =IFERROR(__xludf.DUMMYFUNCTION("""COMPUTED_VALUE"""),"Saos Tomat") -> Saos Tomat | Y24: =IFERROR(__xludf.DUMMYFUNCTION("""COMPUTED_VALUE"""),"Tepung Panir") -> Tepung Panir | Z24: =IFERROR(__xludf.DUMMYFUNCTION("""COMPUTED_VALUE"""),"Asem Jawa") -> Asem Jawa
A25: 46112 | B25: Bumbu Masak Sembako | C25: Garam Kasar | D25: =IF(C25="","",IFERROR(VLOOKUP(C25,'Master Data'!$B$2:$C$527,2,FALSE),"")) -> Pak | E25: 1 | H25: =IFERROR('Master Data'!E31,"") | I25: =IFERROR(__xludf.DUMMYFUNCTION("IFERROR(TRANSPOSE(FILTER('Master Data'!$B$2:$B$527,'Master Data'!$A$2:$A$527=$B25)),"""")"),"Tepung Terigu") -> Tepung Terigu | J25: =IFERROR(__xludf.DUMMYFUNCTION("""COMPUTED_VALUE"""),"Tepung Tapioka") -> Tepung Tapioka | K25: =IFERROR(__xludf.DUMMYFUNCTION("""COMPUTED_VALUE"""),"Sajiku") -> Sajiku | L25: =IFERROR(__xludf.DUMMYFUNCTION("""COMPUTED_VALUE"""),"Lada") -> Lada | M25: =IFERROR(__xludf.DUMMYFUNCTION("""COMPUTED_VALUE"""),"Minyak Goreng") -> Minyak Goreng | N25: =IFERROR(__xludf.DUMMYFUNCTION("""COMPUTED_VALUE"""),"Maizena") -> Maizena | O25: =IFERROR(__xludf.DUMMYFUNCTION("""COMPUTED_VALUE"""),"Saori") -> Saori | P25: =IFERROR(__xludf.DUMMYFUNCTION("""COMPUTED_VALUE"""),"Tepung Beras") -> Tepung Beras | Q25: =IFERROR(__xludf.DUMMYFUNCTION("""COMPUTED_VALUE"""),"Garam Kasar") -> Garam Kasar | R25: =IFERROR(__xludf.DUMMYFUNCTION("""COMPUTED_VALUE"""),"Garam Halus") -> Garam Halus | S25: =IFERROR(__xludf.DUMMYFUNCTION("""COMPUTED_VALUE"""),"Gula Putih") -> Gula Putih | T25: =IFERROR(__xludf.DUMMYFUNCTION("""COMPUTED_VALUE"""),"Gula Merah") -> Gula Merah | U25: =IFERROR(__xludf.DUMMYFUNCTION("""COMPUTED_VALUE"""),"Kecap") -> Kecap | V25: =IFERROR(__xludf.DUMMYFUNCTION("""COMPUTED_VALUE"""),"Keju") -> Keju | W25: =IFERROR(__xludf.DUMMYFUNCTION("""COMPUTED_VALUE"""),"Bumbu Marinasi") -> Bumbu Marinasi | X25: =IFERROR(__xludf.DUMMYFUNCTION("""COMPUTED_VALUE"""),"Saos Tomat") -> Saos Tomat | Y25: =IFERROR(__xludf.DUMMYFUNCTION("""COMPUTED_VALUE"""),"Tepung Panir") -> Tepung Panir | Z25: =IFERROR(__xludf.DUMMYFUNCTION("""COMPUTED_VALUE"""),"Asem Jawa") -> Asem Jawa
A26: 46112 | B26: Bumbu Masak Sembako | C26: Lada | D26: =IF(C26="","",IFERROR(VLOOKUP(C26,'Master Data'!$B$2:$C$527,2,FALSE),"")) -> Pack | E26: 1 | H26: =IFERROR('Master Data'!E33,"") | I26: =IFERROR(__xludf.DUMMYFUNCTION("IFERROR(TRANSPOSE(FILTER('Master Data'!$B$2:$B$527,'Master Data'!$A$2:$A$527=$B26)),"""")"),"Tepung Terigu") -> Tepung Terigu | J26: =IFERROR(__xludf.DUMMYFUNCTION("""COMPUTED_VALUE"""),"Tepung Tapioka") -> Tepung Tapioka | K26: =IFERROR(__xludf.DUMMYFUNCTION("""COMPUTED_VALUE"""),"Sajiku") -> Sajiku | L26: =IFERROR(__xludf.DUMMYFUNCTION("""COMPUTED_VALUE"""),"Lada") -> Lada | M26: =IFERROR(__xludf.DUMMYFUNCTION("""COMPUTED_VALUE"""),"Minyak Goreng") -> Minyak Goreng | N26: =IFERROR(__xludf.DUMMYFUNCTION("""COMPUTED_VALUE"""),"Maizena") -> Maizena | O26: =IFERROR(__xludf.DUMMYFUNCTION("""COMPUTED_VALUE"""),"Saori") -> Saori | P26: =IFERROR(__xludf.DUMMYFUNCTION("""COMPUTED_VALUE"""),"Tepung Beras") -> Tepung Beras | Q26: =IFERROR(__xludf.DUMMYFUNCTION("""COMPUTED_VALUE"""),"Garam Kasar") -> Garam Kasar | R26: =IFERROR(__xludf.DUMMYFUNCTION("""COMPUTED_VALUE"""),"Garam Halus") -> Garam Halus | S26: =IFERROR(__xludf.DUMMYFUNCTION("""COMPUTED_VALUE"""),"Gula Putih") -> Gula Putih | T26: =IFERROR(__xludf.DUMMYFUNCTION("""COMPUTED_VALUE"""),"Gula Merah") -> Gula Merah | U26: =IFERROR(__xludf.DUMMYFUNCTION("""COMPUTED_VALUE"""),"Kecap") -> Kecap | V26: =IFERROR(__xludf.DUMMYFUNCTION("""COMPUTED_VALUE"""),"Keju") -> Keju | W26: =IFERROR(__xludf.DUMMYFUNCTION("""COMPUTED_VALUE"""),"Bumbu Marinasi") -> Bumbu Marinasi | X26: =IFERROR(__xludf.DUMMYFUNCTION("""COMPUTED_VALUE"""),"Saos Tomat") -> Saos Tomat | Y26: =IFERROR(__xludf.DUMMYFUNCTION("""COMPUTED_VALUE"""),"Tepung Panir") -> Tepung Panir | Z26: =IFERROR(__xludf.DUMMYFUNCTION("""COMPUTED_VALUE"""),"Asem Jawa") -> Asem Jawa
A27: 46112 | B27: Bumbu Masak Sembako | C27: Gula | D27: =IF(C27="","",IFERROR(VLOOKUP(C27,'Master Data'!$B$2:$C$527,2,FALSE),"")) | E27: 5 | H27: =IFERROR('Master Data'!E38,"") | I27: =IFERROR(__xludf.DUMMYFUNCTION("IFERROR(TRANSPOSE(FILTER('Master Data'!$B$2:$B$527,'Master Data'!$A$2:$A$527=$B27)),"""")"),"Tepung Terigu") -> Tepung Terigu | J27: =IFERROR(__xludf.DUMMYFUNCTION("""COMPUTED_VALUE"""),"Tepung Tapioka") -> Tepung Tapioka | K27: =IFERROR(__xludf.DUMMYFUNCTION("""COMPUTED_VALUE"""),"Sajiku") -> Sajiku | L27: =IFERROR(__xludf.DUMMYFUNCTION("""COMPUTED_VALUE"""),"Lada") -> Lada | M27: =IFERROR(__xludf.DUMMYFUNCTION("""COMPUTED_VALUE"""),"Minyak Goreng") -> Minyak Goreng | N27: =IFERROR(__xludf.DUMMYFUNCTION("""COMPUTED_VALUE"""),"Maizena") -> Maizena | O27: =IFERROR(__xludf.DUMMYFUNCTION("""COMPUTED_VALUE"""),"Saori") -> Saori | P27: =IFERROR(__xludf.DUMMYFUNCTION("""COMPUTED_VALUE"""),"Tepung Beras") -> Tepung Beras | Q27: =IFERROR(__xludf.DUMMYFUNCTION("""COMPUTED_VALUE"""),"Garam Kasar") -> Garam Kasar | R27: =IFERROR(__xludf.DUMMYFUNCTION("""COMPUTED_VALUE"""),"Garam Halus") -> Garam Halus | S27: =IFERROR(__xludf.DUMMYFUNCTION("""COMPUTED_VALUE"""),"Gula Putih") -> Gula Putih | T27: =IFERROR(__xludf.DUMMYFUNCTION("""COMPUTED_VALUE"""),"Gula Merah") -> Gula Merah | U27: =IFERROR(__xludf.DUMMYFUNCTION("""COMPUTED_VALUE"""),"Kecap") -> Kecap | V27: =IFERROR(__xludf.DUMMYFUNCTION("""COMPUTED_VALUE"""),"Keju") -> Keju | W27: =IFERROR(__xludf.DUMMYFUNCTION("""COMPUTED_VALUE"""),"Bumbu Marinasi") -> Bumbu Marinasi | X27: =IFERROR(__xludf.DUMMYFUNCTION("""COMPUTED_VALUE"""),"Saos Tomat") -> Saos Tomat | Y27: =IFERROR(__xludf.DUMMYFUNCTION("""COMPUTED_VALUE"""),"Tepung Panir") -> Tepung Panir | Z27: =IFERROR(__xludf.DUMMYFUNCTION("""COMPUTED_VALUE"""),"Asem Jawa") -> Asem Jawa
A28: 46112 | B28: Isi Ulang | C28: Galon | D28: =IF(C28="","",IFERROR(VLOOKUP(C28,'Master Data'!$B$2:$C$527,2,FALSE),"")) -> Buah | E28: 28 | H28: =IFERROR('Master Data'!E41,"") | I28: =IFERROR(__xludf.DUMMYFUNCTION("IFERROR(TRANSPOSE(FILTER('Master Data'!$B$2:$B$527,'Master Data'!$A$2:$A$527=$B28)),"""")"),"Galon") -> Galon | J28: =IFERROR(__xludf.DUMMYFUNCTION("""COMPUTED_VALUE"""),"Tedmon") -> Tedmon | K28: =IFERROR(__xludf.DUMMYFUNCTION("""COMPUTED_VALUE"""),"Gas") -> Gas
A29: 46112 | B29: Isi Ulang | C29: Tedmon | D29: =IF(C29="","",IFERROR(VLOOKUP(C29,'Master Data'!$B$2:$C$527,2,FALSE),"")) -> Buah | E29: 8 | H29: =IFERROR('Master Data'!E42,"") | I29: =IFERROR(__xludf.DUMMYFUNCTION("IFERROR(TRANSPOSE(FILTER('Master Data'!$B$2:$B$527,'Master Data'!$A$2:$A$527=$B29)),"""")"),"Galon") -> Galon | J29: =IFERROR(__xludf.DUMMYFUNCTION("""COMPUTED_VALUE"""),"Tedmon") -> Tedmon | K29: =IFERROR(__xludf.DUMMYFUNCTION("""COMPUTED_VALUE"""),"Gas") -> Gas
A30: 46112 | B30: Isi Ulang | C30: Gas | D30: =IF(C30="","",IFERROR(VLOOKUP(C30,'Master Data'!$B$2:$C$527,2,FALSE),"")) -> Tabung | E30: 12 | H30: =IFERROR('Master Data'!E43,"") | I30: =IFERROR(__xludf.DUMMYFUNCTION("IFERROR(TRANSPOSE(FILTER('Master Data'!$B$2:$B$527,'Master Data'!$A$2:$A$527=$B30)),"""")"),"Galon") -> Galon | J30: =IFERROR(__xludf.DUMMYFUNCTION("""COMPUTED_VALUE"""),"Tedmon") -> Tedmon | K30: =IFERROR(__xludf.DUMMYFUNCTION("""COMPUTED_VALUE"""),"Gas") -> Gas
D31: =IF(C31="","",IFERROR(VLOOKUP(C31,'Master Data'!$B$2:$C$527,2,FALSE),"")) | H31: =IFERROR('Master Data'!E44,"") | I31: =IFERROR(__xludf.DUMMYFUNCTION("IFERROR(TRANSPOSE(FILTER('Master Data'!$B$2:$B$527,'Master Data'!$A$2:$A$527=$B31)),"""")"),"")
D32: =IF(C32="","",IFERROR(VLOOKUP(C32,'Master Data'!$B$2:$C$527,2,FALSE),"")) | H32: =IFERROR('Master Data'!E45,"") | I32: =IFERROR(__xludf.DUMMYFUNCTION("IFERROR(TRANSPOSE(FILTER('Master Data'!$B$2:$B$527,'Master Data'!$A$2:$A$527=$B32)),"""")"),"")
D33: =IF(C33="","",IFERROR(VLOOKUP(C33,'Master Data'!$B$2:$C$527,2,FALSE),"")) | H33: =IFERROR('Master Data'!E47,"") | I33: =IFERROR(__xludf.DUMMYFUNCTION("IFERROR(TRANSPOSE(FILTER('Master Data'!$B$2:$B$527,'Master Data'!$A$2:$A$527=$B33)),"""")"),"")
D34: =IF(C34="","",IFERROR(VLOOKUP(C34,'Master Data'!$B$2:$C$527,2,FALSE),"")) | H34: =IFERROR('Master Data'!E48,"") | I34: =IFERROR(__xludf.DUMMYFUNCTION("IFERROR(TRANSPOSE(FILTER('Master Data'!$B$2:$B$527,'Master Data'!$A$2:$A$527=$B34)),"""")"),"")
D35: =IF(C35="","",IFERROR(VLOOKUP(C35,'Master Data'!$B$2:$C$527,2,FALSE),"")) | H35: =IFERROR('Master Data'!E49,"") | I35: =IFERROR(__xludf.DUMMYFUNCTION("IFERROR(TRANSPOSE(FILTER('Master Data'!$B$2:$B$527,'Master Data'!$A$2:$A$527=$B35)),"""")"),"")
D36: =IF(C36="","",IFERROR(VLOOKUP(C36,'Master Data'!$B$2:$C$527,2,FALSE),"")) | H36: =IFERROR('Master Data'!E50,"") | I36: =IFERROR(__xludf.DUMMYFUNCTION("IFERROR(TRANSPOSE(FILTER('Master Data'!$B$2:$B$527,'Master Data'!$A$2:$A$527=$B36)),"""")"),"")
D37: =IF(C37="","",IFERROR(VLOOKUP(C37,'Master Data'!$B$2:$C$527,2,FALSE),"")) | H37: =IFERROR('Master Data'!E51,"") | I37: =IFERROR(__xludf.DUMMYFUNCTION("IFERROR(TRANSPOSE(FILTER('Master Data'!$B$2:$B$527,'Master Data'!$A$2:$A$527=$B37)),"""")"),"")
D38: =IF(C38="","",IFERROR(VLOOKUP(C38,'Master Data'!$B$2:$C$527,2,FALSE),"")) | H38: =IFERROR('Master Data'!E52,"") | I38: =IFERROR(__xludf.DUMMYFUNCTION("IFERROR(TRANSPOSE(FILTER('Master Data'!$B$2:$B$527,'Master Data'!$A$2:$A$527=$B38)),"""")"),"")
D39: =IF(C39="","",IFERROR(VLOOKUP(C39,'Master Data'!$B$2:$C$527,2,FALSE),"")) | H39: =IFERROR('Master Data'!E53,"") | I39: =IFERROR(__xludf.DUMMYFUNCTION("IFERROR(TRANSPOSE(FILTER('Master Data'!$B$2:$B$527,'Master Data'!$A$2:$A$527=$B39)),"""")"),"")
D40: =IF(C40="","",IFERROR(VLOOKUP(C40,'Master Data'!$B$2:$C$527,2,FALSE),"")) | H40: =IFERROR('Master Data'!E55,"") | I40: =IFERROR(__xludf.DUMMYFUNCTION("IFERROR(TRANSPOSE(FILTER('Master Data'!$B$2:$B$527,'Master Data'!$A$2:$A$527=$B40)),"""")"),"")
D41: =IF(C41="","",IFERROR(VLOOKUP(C41,'Master Data'!$B$2:$C$527,2,FALSE),"")) | H41: =IFERROR('Master Data'!E58,"") | I41: =IFERROR(__xludf.DUMMYFUNCTION("IFERROR(TRANSPOSE(FILTER('Master Data'!$B$2:$B$527,'Master Data'!$A$2:$A$527=$B41)),"""")"),"")
D42: =IF(C42="","",IFERROR(VLOOKUP(C42,'Master Data'!$B$2:$C$527,2,FALSE),"")) | H42: =IFERROR('Master Data'!E59,"") | I42: =IFERROR(__xludf.DUMMYFUNCTION("IFERROR(TRANSPOSE(FILTER('Master Data'!$B$2:$B$527,'Master Data'!$A$2:$A$527=$B42)),"""")"),"")
D43: =IF(C43="","",IFERROR(VLOOKUP(C43,'Master Data'!$B$2:$C$527,2,FALSE),"")) | H43: =IFERROR('Master Data'!E61,"") | I43: =IFERROR(__xludf.DUMMYFUNCTION("IFERROR(TRANSPOSE(FILTER('Master Data'!$B$2:$B$527,'Master Data'!$A$2:$A$527=$B43)),"""")"),"")
D44: =IF(C44="","",IFERROR(VLOOKUP(C44,'Master Data'!$B$2:$C$527,2,FALSE),"")) | H44: =IFERROR('Master Data'!E62,"") | I44: =IFERROR(__xludf.DUMMYFUNCTION("IFERROR(TRANSPOSE(FILTER('Master Data'!$B$2:$B$527,'Master Data'!$A$2:$A$527=$B44)),"""")"),"")
D45: =IF(C45="","",IFERROR(VLOOKUP(C45,'Master Data'!$B$2:$C$527,2,FALSE),"")) | H45: =IFERROR('Master Data'!E63,"") | I45: =IFERROR(__xludf.DUMMYFUNCTION("IFERROR(TRANSPOSE(FILTER('Master Data'!$B$2:$B$527,'Master Data'!$A$2:$A$527=$B45)),"""")"),"")
D46: =IF(C46="","",IFERROR(VLOOKUP(C46,'Master Data'!$B$2:$C$527,2,FALSE),"")) | H46: =IFERROR('Master Data'!E64,"") | I46: =IFERROR(__xludf.DUMMYFUNCTION("IFERROR(TRANSPOSE(FILTER('Master Data'!$B$2:$B$527,'Master Data'!$A$2:$A$527=$B46)),"""")"),"")
D47: =IF(C47="","",IFERROR(VLOOKUP(C47,'Master Data'!$B$2:$C$527,2,FALSE),"")) | H47: =IFERROR('Master Data'!E65,"") | I47: =IFERROR(__xludf.DUMMYFUNCTION("IFERROR(TRANSPOSE(FILTER('Master Data'!$B$2:$B$527,'Master Data'!$A$2:$A$527=$B47)),"""")"),"")
D48: =IF(C48="","",IFERROR(VLOOKUP(C48,'Master Data'!$B$2:$C$527,2,FALSE),"")) | H48: =IFERROR('Master Data'!E66,"") | I48: =IFERROR(__xludf.DUMMYFUNCTION("IFERROR(TRANSPOSE(FILTER('Master Data'!$B$2:$B$527,'Master Data'!$A$2:$A$527=$B48)),"""")"),"")
D49: =IF(C49="","",IFERROR(VLOOKUP(C49,'Master Data'!$B$2:$C$527,2,FALSE),"")) | H49: =IFERROR('Master Data'!E67,"") | I49: =IFERROR(__xludf.DUMMYFUNCTION("IFERROR(TRANSPOSE(FILTER('Master Data'!$B$2:$B$527,'Master Data'!$A$2:$A$527=$B49)),"""")"),"")
D50: =IF(C50="","",IFERROR(VLOOKUP(C50,'Master Data'!$B$2:$C$527,2,FALSE),"")) | H50: =IFERROR('Master Data'!E69,"") | I50: =IFERROR(__xludf.DUMMYFUNCTION("IFERROR(TRANSPOSE(FILTER('Master Data'!$B$2:$B$527,'Master Data'!$A$2:$A$527=$B50)),"""")"),"")
D51: =IF(C51="","",IFERROR(VLOOKUP(C51,'Master Data'!$B$2:$C$527,2,FALSE),"")) | H51: =IFERROR('Master Data'!E72,"") | I51: =IFERROR(__xludf.DUMMYFUNCTION("IFERROR(TRANSPOSE(FILTER('Master Data'!$B$2:$B$527,'Master Data'!$A$2:$A$527=$B51)),"""")"),"")
D52: =IF(C52="","",IFERROR(VLOOKUP(C52,'Master Data'!$B$2:$C$527,2,FALSE),"")) | H52: =IFERROR('Master Data'!E79,"") | I52: =IFERROR(__xludf.DUMMYFUNCTION("IFERROR(TRANSPOSE(FILTER('Master Data'!$B$2:$B$527,'Master Data'!$A$2:$A$527=$B52)),"""")"),"")
D53: =IF(C53="","",IFERROR(VLOOKUP(C53,'Master Data'!$B$2:$C$527,2,FALSE),"")) | H53: =IFERROR('Master Data'!E80,"") | I53: =IFERROR(__xludf.DUMMYFUNCTION("IFERROR(TRANSPOSE(FILTER('Master Data'!$B$2:$B$527,'Master Data'!$A$2:$A$527=$B53)),"""")"),"")
D54: =IF(C54="","",IFERROR(VLOOKUP(C54,'Master Data'!$B$2:$C$527,2,FALSE),"")) | H54: =IFERROR('Master Data'!E81,"") | I54: =IFERROR(__xludf.DUMMYFUNCTION("IFERROR(TRANSPOSE(FILTER('Master Data'!$B$2:$B$527,'Master Data'!$A$2:$A$527=$B54)),"""")"),"")
D55: =IF(C55="","",IFERROR(VLOOKUP(C55,'Master Data'!$B$2:$C$527,2,FALSE),"")) | H55: =IFERROR('Master Data'!E82,"") | I55: =IFERROR(__xludf.DUMMYFUNCTION("IFERROR(TRANSPOSE(FILTER('Master Data'!$B$2:$B$527,'Master Data'!$A$2:$A$527=$B55)),"""")"),"")
D56: =IF(C56="","",IFERROR(VLOOKUP(C56,'Master Data'!$B$2:$C$527,2,FALSE),"")) | H56: =IFERROR('Master Data'!E83,"") | I56: =IFERROR(__xludf.DUMMYFUNCTION("IFERROR(TRANSPOSE(FILTER('Master Data'!$B$2:$B$527,'Master Data'!$A$2:$A$527=$B56)),"""")"),"")
D57: =IF(C57="","",IFERROR(VLOOKUP(C57,'Master Data'!$B$2:$C$527,2,FALSE),"")) | H57: =IFERROR('Master Data'!E84,"") | I57: =IFERROR(__xludf.DUMMYFUNCTION("IFERROR(TRANSPOSE(FILTER('Master Data'!$B$2:$B$527,'Master Data'!$A$2:$A$527=$B57)),"""")"),"")
D58: =IF(C58="","",IFERROR(VLOOKUP(C58,'Master Data'!$B$2:$C$527,2,FALSE),"")) | H58: =IFERROR('Master Data'!E85,"") | I58: =IFERROR(__xludf.DUMMYFUNCTION("IFERROR(TRANSPOSE(FILTER('Master Data'!$B$2:$B$527,'Master Data'!$A$2:$A$527=$B58)),"""")"),"")
D59: =IF(C59="","",IFERROR(VLOOKUP(C59,'Master Data'!$B$2:$C$527,2,FALSE),"")) | H59: =IFERROR('Master Data'!E86,"") | I59: =IFERROR(__xludf.DUMMYFUNCTION("IFERROR(TRANSPOSE(FILTER('Master Data'!$B$2:$B$527,'Master Data'!$A$2:$A$527=$B59)),"""")"),"")
D60: =IF(C60="","",IFERROR(VLOOKUP(C60,'Master Data'!$B$2:$C$527,2,FALSE),"")) | H60: =IFERROR('Master Data'!E87,"") | I60: =IFERROR(__xludf.DUMMYFUNCTION("IFERROR(TRANSPOSE(FILTER('Master Data'!$B$2:$B$527,'Master Data'!$A$2:$A$527=$B60)),"""")"),"")
D61: =IF(C61="","",IFERROR(VLOOKUP(C61,'Master Data'!$B$2:$C$527,2,FALSE),"")) | H61: =IFERROR('Master Data'!E88,"") | I61: =IFERROR(__xludf.DUMMYFUNCTION("IFERROR(TRANSPOSE(FILTER('Master Data'!$B$2:$B$527,'Master Data'!$A$2:$A$527=$B61)),"""")"),"")
D62: =IF(C62="","",IFERROR(VLOOKUP(C62,'Master Data'!$B$2:$C$527,2,FALSE),"")) | H62: =IFERROR('Master Data'!E89,"") | I62: =IFERROR(__xludf.DUMMYFUNCTION("IFERROR(TRANSPOSE(FILTER('Master Data'!$B$2:$B$527,'Master Data'!$A$2:$A$527=$B62)),"""")"),"")
D63: =IF(C63="","",IFERROR(VLOOKUP(C63,'Master Data'!$B$2:$C$527,2,FALSE),"")) | H63: =IFERROR('Master Data'!E90,"") | I63: =IFERROR(__xludf.DUMMYFUNCTION("IFERROR(TRANSPOSE(FILTER('Master Data'!$B$2:$B$527,'Master Data'!$A$2:$A$527=$B63)),"""")"),"")
D64: =IF(C64="","",IFERROR(VLOOKUP(C64,'Master Data'!$B$2:$C$527,2,FALSE),"")) | H64: =IFERROR('Master Data'!E91,"") | I64: =IFERROR(__xludf.DUMMYFUNCTION("IFERROR(TRANSPOSE(FILTER('Master Data'!$B$2:$B$527,'Master Data'!$A$2:$A$527=$B64)),"""")"),"")
D65: =IF(C65="","",IFERROR(VLOOKUP(C65,'Master Data'!$B$2:$C$527,2,FALSE),"")) | H65: =IFERROR('Master Data'!E92,"") | I65: =IFERROR(__xludf.DUMMYFUNCTION("IFERROR(TRANSPOSE(FILTER('Master Data'!$B$2:$B$527,'Master Data'!$A$2:$A$527=$B65)),"""")"),"")
D66: =IF(C66="","",IFERROR(VLOOKUP(C66,'Master Data'!$B$2:$C$527,2,FALSE),"")) | H66: =IFERROR('Master Data'!E93,"") | I66: =IFERROR(__xludf.DUMMYFUNCTION("IFERROR(TRANSPOSE(FILTER('Master Data'!$B$2:$B$527,'Master Data'!$A$2:$A$527=$B66)),"""")"),"")
D67: =IF(C67="","",IFERROR(VLOOKUP(C67,'Master Data'!$B$2:$C$527,2,FALSE),"")) | H67: =IFERROR('Master Data'!E94,"") | I67: =IFERROR(__xludf.DUMMYFUNCTION("IFERROR(TRANSPOSE(FILTER('Master Data'!$B$2:$B$527,'Master Data'!$A$2:$A$527=$B67)),"""")"),"")
D68: =IF(C68="","",IFERROR(VLOOKUP(C68,'Master Data'!$B$2:$C$527,2,FALSE),"")) | H68: =IFERROR('Master Data'!E95,"") | I68: =IFERROR(__xludf.DUMMYFUNCTION("IFERROR(TRANSPOSE(FILTER('Master Data'!$B$2:$B$527,'Master Data'!$A$2:$A$527=$B68)),"""")"),"")
D69: =IF(C69="","",IFERROR(VLOOKUP(C69,'Master Data'!$B$2:$C$527,2,FALSE),"")) | H69: =IFERROR('Master Data'!E96,"") | I69: =IFERROR(__xludf.DUMMYFUNCTION("IFERROR(TRANSPOSE(FILTER('Master Data'!$B$2:$B$527,'Master Data'!$A$2:$A$527=$B69)),"""")"),"")
D70: =IF(C70="","",IFERROR(VLOOKUP(C70,'Master Data'!$B$2:$C$527,2,FALSE),"")) | H70: =IFERROR('Master Data'!E97,"") | I70: =IFERROR(__xludf.DUMMYFUNCTION("IFERROR(TRANSPOSE(FILTER('Master Data'!$B$2:$B$527,'Master Data'!$A$2:$A$527=$B70)),"""")"),"")
D71: =IF(C71="","",IFERROR(VLOOKUP(C71,'Master Data'!$B$2:$C$527,2,FALSE),"")) | H71: =IFERROR('Master Data'!E98,"") | I71: =IFERROR(__xludf.DUMMYFUNCTION("IFERROR(TRANSPOSE(FILTER('Master Data'!$B$2:$B$527,'Master Data'!$A$2:$A$527=$B71)),"""")"),"")
D72: =IF(C72="","",IFERROR(VLOOKUP(C72,'Master Data'!$B$2:$C$527,2,FALSE),"")) | H72: =IFERROR('Master Data'!E99,"") | I72: =IFERROR(__xludf.DUMMYFUNCTION("IFERROR(TRANSPOSE(FILTER('Master Data'!$B$2:$B$527,'Master Data'!$A$2:$A$527=$B72)),"""")"),"")
D73: =IF(C73="","",IFERROR(VLOOKUP(C73,'Master Data'!$B$2:$C$527,2,FALSE),"")) | H73: =IFERROR('Master Data'!E100,"") | I73: =IFERROR(__xludf.DUMMYFUNCTION("IFERROR(TRANSPOSE(FILTER('Master Data'!$B$2:$B$527,'Master Data'!$A$2:$A$527=$B73)),"""")"),"")
D74: =IF(C74="","",IFERROR(VLOOKUP(C74,'Master Data'!$B$2:$C$527,2,FALSE),"")) | H74: =IFERROR('Master Data'!E101,"") | I74: =IFERROR(__xludf.DUMMYFUNCTION("IFERROR(TRANSPOSE(FILTER('Master Data'!$B$2:$B$527,'Master Data'!$A$2:$A$527=$B74)),"""")"),"")
D75: =IF(C75="","",IFERROR(VLOOKUP(C75,'Master Data'!$B$2:$C$527,2,FALSE),"")) | H75: =IFERROR('Master Data'!E102,"") | I75: =IFERROR(__xludf.DUMMYFUNCTION("IFERROR(TRANSPOSE(FILTER('Master Data'!$B$2:$B$527,'Master Data'!$A$2:$A$527=$B75)),"""")"),"")
D76: =IF(C76="","",IFERROR(VLOOKUP(C76,'Master Data'!$B$2:$C$527,2,FALSE),"")) | H76: =IFERROR('Master Data'!E103,"") | I76: =IFERROR(__xludf.DUMMYFUNCTION("IFERROR(TRANSPOSE(FILTER('Master Data'!$B$2:$B$527,'Master Data'!$A$2:$A$527=$B76)),"""")"),"")
D77: =IF(C77="","",IFERROR(VLOOKUP(C77,'Master Data'!$B$2:$C$527,2,FALSE),"")) | H77: =IFERROR('Master Data'!E104,"") | I77: =IFERROR(__xludf.DUMMYFUNCTION("IFERROR(TRANSPOSE(FILTER('Master Data'!$B$2:$B$527,'Master Data'!$A$2:$A$527=$B77)),"""")"),"")
D78: =IF(C78="","",IFERROR(VLOOKUP(C78,'Master Data'!$B$2:$C$527,2,FALSE),"")) | H78: =IFERROR('Master Data'!E105,"") | I78: =IFERROR(__xludf.DUMMYFUNCTION("IFERROR(TRANSPOSE(FILTER('Master Data'!$B$2:$B$527,'Master Data'!$A$2:$A$527=$B78)),"""")"),"")
D79: =IF(C79="","",IFERROR(VLOOKUP(C79,'Master Data'!$B$2:$C$527,2,FALSE),"")) | H79: =IFERROR('Master Data'!E106,"") | I79: =IFERROR(__xludf.DUMMYFUNCTION("IFERROR(TRANSPOSE(FILTER('Master Data'!$B$2:$B$527,'Master Data'!$A$2:$A$527=$B79)),"""")"),"")
D80: =IF(C80="","",IFERROR(VLOOKUP(C80,'Master Data'!$B$2:$C$527,2,FALSE),"")) | H80: =IFERROR('Master Data'!E107,"") | I80: =IFERROR(__xludf.DUMMYFUNCTION("IFERROR(TRANSPOSE(FILTER('Master Data'!$B$2:$B$527,'Master Data'!$A$2:$A$527=$B80)),"""")"),"")
D81: =IF(C81="","",IFERROR(VLOOKUP(C81,'Master Data'!$B$2:$C$527,2,FALSE),"")) | H81: =IFERROR('Master Data'!E108,"") | I81: =IFERROR(__xludf.DUMMYFUNCTION("IFERROR(TRANSPOSE(FILTER('Master Data'!$B$2:$B$527,'Master Data'!$A$2:$A$527=$B81)),"""")"),"")
D82: =IF(C82="","",IFERROR(VLOOKUP(C82,'Master Data'!$B$2:$C$527,2,FALSE),"")) | H82: =IFERROR('Master Data'!E109,"") | I82: =IFERROR(__xludf.DUMMYFUNCTION("IFERROR(TRANSPOSE(FILTER('Master Data'!$B$2:$B$527,'Master Data'!$A$2:$A$527=$B82)),"""")"),"")
D83: =IF(C83="","",IFERROR(VLOOKUP(C83,'Master Data'!$B$2:$C$527,2,FALSE),"")) | H83: =IFERROR('Master Data'!E110,"") | I83: =IFERROR(__xludf.DUMMYFUNCTION("IFERROR(TRANSPOSE(FILTER('Master Data'!$B$2:$B$527,'Master Data'!$A$2:$A$527=$B83)),"""")"),"")
D84: =IF(C84="","",IFERROR(VLOOKUP(C84,'Master Data'!$B$2:$C$527,2,FALSE),"")) | H84: =IFERROR('Master Data'!E111,"") | I84: =IFERROR(__xludf.DUMMYFUNCTION("IFERROR(TRANSPOSE(FILTER('Master Data'!$B$2:$B$527,'Master Data'!$A$2:$A$527=$B84)),"""")"),"")
D85: =IF(C85="","",IFERROR(VLOOKUP(C85,'Master Data'!$B$2:$C$527,2,FALSE),"")) | H85: =IFERROR('Master Data'!E112,"") | I85: =IFERROR(__xludf.DUMMYFUNCTION("IFERROR(TRANSPOSE(FILTER('Master Data'!$B$2:$B$527,'Master Data'!$A$2:$A$527=$B85)),"""")"),"")
D86: =IF(C86="","",IFERROR(VLOOKUP(C86,'Master Data'!$B$2:$C$527,2,FALSE),"")) | H86: =IFERROR('Master Data'!E113,"") | I86: =IFERROR(__xludf.DUMMYFUNCTION("IFERROR(TRANSPOSE(FILTER('Master Data'!$B$2:$B$527,'Master Data'!$A$2:$A$527=$B86)),"""")"),"")
D87: =IF(C87="","",IFERROR(VLOOKUP(C87,'Master Data'!$B$2:$C$527,2,FALSE),"")) | H87: =IFERROR('Master Data'!E114,"") | I87: =IFERROR(__xludf.DUMMYFUNCTION("IFERROR(TRANSPOSE(FILTER('Master Data'!$B$2:$B$527,'Master Data'!$A$2:$A$527=$B87)),"""")"),"")
D88: =IF(C88="","",IFERROR(VLOOKUP(C88,'Master Data'!$B$2:$C$527,2,FALSE),"")) | H88: =IFERROR('Master Data'!E115,"") | I88: =IFERROR(__xludf.DUMMYFUNCTION("IFERROR(TRANSPOSE(FILTER('Master Data'!$B$2:$B$527,'Master Data'!$A$2:$A$527=$B88)),"""")"),"")
D89: =IF(C89="","",IFERROR(VLOOKUP(C89,'Master Data'!$B$2:$C$527,2,FALSE),"")) | H89: =IFERROR('Master Data'!E116,"") | I89: =IFERROR(__xludf.DUMMYFUNCTION("IFERROR(TRANSPOSE(FILTER('Master Data'!$B$2:$B$527,'Master Data'!$A$2:$A$527=$B89)),"""")"),"")
D90: =IF(C90="","",IFERROR(VLOOKUP(C90,'Master Data'!$B$2:$C$527,2,FALSE),"")) | H90: =IFERROR('Master Data'!E117,"") | I90: =IFERROR(__xludf.DUMMYFUNCTION("IFERROR(TRANSPOSE(FILTER('Master Data'!$B$2:$B$527,'Master Data'!$A$2:$A$527=$B90)),"""")"),"")
D91: =IF(C91="","",IFERROR(VLOOKUP(C91,'Master Data'!$B$2:$C$527,2,FALSE),"")) | H91: =IFERROR('Master Data'!E118,"") | I91: =IFERROR(__xludf.DUMMYFUNCTION("IFERROR(TRANSPOSE(FILTER('Master Data'!$B$2:$B$527,'Master Data'!$A$2:$A$527=$B91)),"""")"),"")
D92: =IF(C92="","",IFERROR(VLOOKUP(C92,'Master Data'!$B$2:$C$527,2,FALSE),"")) | H92: =IFERROR('Master Data'!E119,"") | I92: =IFERROR(__xludf.DUMMYFUNCTION("IFERROR(TRANSPOSE(FILTER('Master Data'!$B$2:$B$527,'Master Data'!$A$2:$A$527=$B92)),"""")"),"")
D93: =IF(C93="","",IFERROR(VLOOKUP(C93,'Master Data'!$B$2:$C$527,2,FALSE),"")) | H93: =IFERROR('Master Data'!E120,"") | I93: =IFERROR(__xludf.DUMMYFUNCTION("IFERROR(TRANSPOSE(FILTER('Master Data'!$B$2:$B$527,'Master Data'!$A$2:$A$527=$B93)),"""")"),"")
D94: =IF(C94="","",IFERROR(VLOOKUP(C94,'Master Data'!$B$2:$C$527,2,FALSE),"")) | H94: =IFERROR('Master Data'!E121,"") | I94: =IFERROR(__xludf.DUMMYFUNCTION("IFERROR(TRANSPOSE(FILTER('Master Data'!$B$2:$B$527,'Master Data'!$A$2:$A$527=$B94)),"""")"),"")
D95: =IF(C95="","",IFERROR(VLOOKUP(C95,'Master Data'!$B$2:$C$527,2,FALSE),"")) | H95: =IFERROR('Master Data'!E122,"") | I95: =IFERROR(__xludf.DUMMYFUNCTION("IFERROR(TRANSPOSE(FILTER('Master Data'!$B$2:$B$527,'Master Data'!$A$2:$A$527=$B95)),"""")"),"")
D96: =IF(C96="","",IFERROR(VLOOKUP(C96,'Master Data'!$B$2:$C$527,2,FALSE),"")) | H96: =IFERROR('Master Data'!E123,"") | I96: =IFERROR(__xludf.DUMMYFUNCTION("IFERROR(TRANSPOSE(FILTER('Master Data'!$B$2:$B$527,'Master Data'!$A$2:$A$527=$B96)),"""")"),"")
D97: =IF(C97="","",IFERROR(VLOOKUP(C97,'Master Data'!$B$2:$C$527,2,FALSE),"")) | H97: =IFERROR('Master Data'!E124,"") | I97: =IFERROR(__xludf.DUMMYFUNCTION("IFERROR(TRANSPOSE(FILTER('Master Data'!$B$2:$B$527,'Master Data'!$A$2:$A$527=$B97)),"""")"),"")
D98: =IF(C98="","",IFERROR(VLOOKUP(C98,'Master Data'!$B$2:$C$527,2,FALSE),"")) | H98: =IFERROR('Master Data'!E125,"") | I98: =IFERROR(__xludf.DUMMYFUNCTION("IFERROR(TRANSPOSE(FILTER('Master Data'!$B$2:$B$527,'Master Data'!$A$2:$A$527=$B98)),"""")"),"")
D99: =IF(C99="","",IFERROR(VLOOKUP(C99,'Master Data'!$B$2:$C$527,2,FALSE),"")) | H99: =IFERROR('Master Data'!E126,"") | I99: =IFERROR(__xludf.DUMMYFUNCTION("IFERROR(TRANSPOSE(FILTER('Master Data'!$B$2:$B$527,'Master Data'!$A$2:$A$527=$B99)),"""")"),"")
D100: =IF(C100="","",IFERROR(VLOOKUP(C100,'Master Data'!$B$2:$C$527,2,FALSE),"")) | H100: =IFERROR('Master Data'!E127,"") | I100: =IFERROR(__xludf.DUMMYFUNCTION("IFERROR(TRANSPOSE(FILTER('Master Data'!$B$2:$B$527,'Master Data'!$A$2:$A$527=$B100)),"""")"),"")
...

Sheet 1 April 2026
H1: Helper Kategori | I1: Helper Pilihan Bahan
A2: SATUAN PELAYANAN PEMENUHAN GIZI (SPPG) BATTU WINANGUN NOTA PEMESANAN BAHAN MAKANAN | H2: =IFERROR('Master Data'!E2,"") -> Karbohidrat
H3: =IFERROR('Master Data'!E3,"") -> Protein Hewani
H4: =IFERROR('Master Data'!E4,"") -> Protein Nabati
H5: =IFERROR('Master Data'!E5,"") -> Sayur
H6: =IFERROR('Master Data'!E6,"") -> Buah
A7: Tanggal | B7: Kategori Makanan | C7: Bahan Makanan | D7: Satuan | E7: Jumlah | H7: =IFERROR('Master Data'!E7,"") -> Bumbu Masak Sayur
A8: 46113 | B8: Karbohidrat | C8: Beras | D8: =IF(C8="","",IFERROR(VLOOKUP(C8,'Master Data'!$B$2:$C$527,2,FALSE),"")) -> Kg | E8: 240 | H8: =IFERROR('Master Data'!E8,"") -> Bumbu Masak Sembako | I8: =IFERROR(__xludf.DUMMYFUNCTION("IFERROR(TRANSPOSE(FILTER('Master Data'!$B$2:$B$527,'Master Data'!$A$2:$A$527=$B8)),"""")"),"Beras") -> Beras | J8: =IFERROR(__xludf.DUMMYFUNCTION("""COMPUTED_VALUE"""),"Mie") -> Mie | K8: =IFERROR(__xludf.DUMMYFUNCTION("""COMPUTED_VALUE"""),"Kentang") -> Kentang | L8: =IFERROR(__xludf.DUMMYFUNCTION("""COMPUTED_VALUE"""),"Jagung") -> Jagung | M8: =IFERROR(__xludf.DUMMYFUNCTION("""COMPUTED_VALUE"""),"Roti") -> Roti | N8: =IFERROR(__xludf.DUMMYFUNCTION("""COMPUTED_VALUE"""),"Singkong") -> Singkong | O8: =IFERROR(__xludf.DUMMYFUNCTION("""COMPUTED_VALUE"""),"Ubi") -> Ubi | P8: =IFERROR(__xludf.DUMMYFUNCTION("""COMPUTED_VALUE"""),"Makaroni") -> Makaroni
A9: 46113 | B9: Protein Hewani | C9: Daging Ayam Tulang (Potong) | D9: =IF(C9="","",IFERROR(VLOOKUP(C9,'Master Data'!$B$2:$C$527,2,FALSE),"")) -> Kg | E9: 230 | H9: =IFERROR('Master Data'!E9,"") -> Isi Ulang | I9: =IFERROR(__xludf.DUMMYFUNCTION("IFERROR(TRANSPOSE(FILTER('Master Data'!$B$2:$B$527,'Master Data'!$A$2:$A$527=$B9)),"""")"),"Daging Ayam Fillet") -> Daging Ayam Fillet | J9: =IFERROR(__xludf.DUMMYFUNCTION("""COMPUTED_VALUE"""),"Daging Ayam Tulang (Potong)") -> Daging Ayam Tulang (Potong) | K9: =IFERROR(__xludf.DUMMYFUNCTION("""COMPUTED_VALUE"""),"Ikan Patin Fillet") -> Ikan Patin Fillet | L9: =IFERROR(__xludf.DUMMYFUNCTION("""COMPUTED_VALUE"""),"Telur") -> Telur | M9: =IFERROR(__xludf.DUMMYFUNCTION("""COMPUTED_VALUE"""),"Ikan giling") -> Ikan giling | N9: =IFERROR(__xludf.DUMMYFUNCTION("""COMPUTED_VALUE"""),"Ayam Giling") -> Ayam Giling | O9: =IFERROR(__xludf.DUMMYFUNCTION("""COMPUTED_VALUE"""),"Daging Sapi") -> Daging Sapi | P9: =IFERROR(__xludf.DUMMYFUNCTION("""COMPUTED_VALUE"""),"Udang") -> Udang | Q9: =IFERROR(__xludf.DUMMYFUNCTION("""COMPUTED_VALUE"""),"Susu UHT") -> Susu UHT
A10: 46113 | B10: Protein Nabati | C10: Tempe | D10: =IF(C10="","",IFERROR(VLOOKUP(C10,'Master Data'!$B$2:$C$527,2,FALSE),"")) -> Kg | E10: 78 | H10: =IFERROR('Master Data'!E10,"") -> Packaging | I10: =IFERROR(__xludf.DUMMYFUNCTION("IFERROR(TRANSPOSE(FILTER('Master Data'!$B$2:$B$527,'Master Data'!$A$2:$A$527=$B10)),"""")"),"Tempe") -> Tempe | J10: =IFERROR(__xludf.DUMMYFUNCTION("""COMPUTED_VALUE"""),"Tahu") -> Tahu | K10: =IFERROR(__xludf.DUMMYFUNCTION("""COMPUTED_VALUE"""),"Kacang Hijau") -> Kacang Hijau | L10: =IFERROR(__xludf.DUMMYFUNCTION("""COMPUTED_VALUE"""),"Kacang Tanah") -> Kacang Tanah | M10: =IFERROR(__xludf.DUMMYFUNCTION("""COMPUTED_VALUE"""),"Kedelai") -> Kedelai | N10: =IFERROR(__xludf.DUMMYFUNCTION("""COMPUTED_VALUE"""),"Oncom") -> Oncom
A11: 46113 | B11: Sayur | C11: Timun | D11: =IF(C11="","",IFERROR(VLOOKUP(C11,'Master Data'!$B$2:$C$527,2,FALSE),"")) -> Kg | E11: 67 | H11: =IFERROR('Master Data'!E12,"") | I11: =IFERROR(__xludf.DUMMYFUNCTION("IFERROR(TRANSPOSE(FILTER('Master Data'!$B$2:$B$527,'Master Data'!$A$2:$A$527=$B11)),"""")"),"Wortel") -> Wortel | J11: =IFERROR(__xludf.DUMMYFUNCTION("""COMPUTED_VALUE"""),"Kacang Panjang") -> Kacang Panjang | K11: =IFERROR(__xludf.DUMMYFUNCTION("""COMPUTED_VALUE"""),"Tauge") -> Tauge | L11: =IFERROR(__xludf.DUMMYFUNCTION("""COMPUTED_VALUE"""),"Kubis") -> Kubis | M11: =IFERROR(__xludf.DUMMYFUNCTION("""COMPUTED_VALUE"""),"Buncis") -> Buncis | N11: =IFERROR(__xludf.DUMMYFUNCTION("""COMPUTED_VALUE"""),"Kembang Kol") -> Kembang Kol | O11: =IFERROR(__xludf.DUMMYFUNCTION("""COMPUTED_VALUE"""),"Sawi Putih") -> Sawi Putih | P11: =IFERROR(__xludf.DUMMYFUNCTION("""COMPUTED_VALUE"""),"Caisin") -> Caisin | Q11: =IFERROR(__xludf.DUMMYFUNCTION("""COMPUTED_VALUE"""),"Timun") -> Timun | R11: =IFERROR(__xludf.DUMMYFUNCTION("""COMPUTED_VALUE"""),"Daun Bawang") -> Daun Bawang | S11: =IFERROR(__xludf.DUMMYFUNCTION("""COMPUTED_VALUE"""),"Labu Siam") -> Labu Siam | T11: =IFERROR(__xludf.DUMMYFUNCTION("""COMPUTED_VALUE"""),"Tomat") -> Tomat | U11: =IFERROR(__xludf.DUMMYFUNCTION("""COMPUTED_VALUE"""),"Kemangi") -> Kemangi | V11: =IFERROR(__xludf.DUMMYFUNCTION("""COMPUTED_VALUE"""),"Jagung ") -> Jagung
A12: 46113 | B12: Sayur | C12: Wortel | D12: =IF(C12="","",IFERROR(VLOOKUP(C12,'Master Data'!$B$2:$C$527,2,FALSE),"")) -> Kg | E12: 128 | H12: =IFERROR('Master Data'!E14,"") | I12: =IFERROR(__xludf.DUMMYFUNCTION("IFERROR(TRANSPOSE(FILTER('Master Data'!$B$2:$B$527,'Master Data'!$A$2:$A$527=$B12)),"""")"),"Wortel") -> Wortel | J12: =IFERROR(__xludf.DUMMYFUNCTION("""COMPUTED_VALUE"""),"Kacang Panjang") -> Kacang Panjang | K12: =IFERROR(__xludf.DUMMYFUNCTION("""COMPUTED_VALUE"""),"Tauge") -> Tauge | L12: =IFERROR(__xludf.DUMMYFUNCTION("""COMPUTED_VALUE"""),"Kubis") -> Kubis | M12: =IFERROR(__xludf.DUMMYFUNCTION("""COMPUTED_VALUE"""),"Buncis") -> Buncis | N12: =IFERROR(__xludf.DUMMYFUNCTION("""COMPUTED_VALUE"""),"Kembang Kol") -> Kembang Kol | O12: =IFERROR(__xludf.DUMMYFUNCTION("""COMPUTED_VALUE"""),"Sawi Putih") -> Sawi Putih | P12: =IFERROR(__xludf.DUMMYFUNCTION("""COMPUTED_VALUE"""),"Caisin") -> Caisin | Q12: =IFERROR(__xludf.DUMMYFUNCTION("""COMPUTED_VALUE"""),"Timun") -> Timun | R12: =IFERROR(__xludf.DUMMYFUNCTION("""COMPUTED_VALUE"""),"Daun Bawang") -> Daun Bawang | S12: =IFERROR(__xludf.DUMMYFUNCTION("""COMPUTED_VALUE"""),"Labu Siam") -> Labu Siam | T12: =IFERROR(__xludf.DUMMYFUNCTION("""COMPUTED_VALUE"""),"Tomat") -> Tomat | U12: =IFERROR(__xludf.DUMMYFUNCTION("""COMPUTED_VALUE"""),"Kemangi") -> Kemangi | V12: =IFERROR(__xludf.DUMMYFUNCTION("""COMPUTED_VALUE"""),"Jagung ") -> Jagung
A13: 46113 | B13: Bumbu Masak Sayur | C13: Cabe Merah | D13: =IF(C13="","",IFERROR(VLOOKUP(C13,'Master Data'!$B$2:$C$527,2,FALSE),"")) -> Kg | E13: 3 | H13: =IFERROR('Master Data'!E17,"") | I13: =IFERROR(__xludf.DUMMYFUNCTION("IFERROR(TRANSPOSE(FILTER('Master Data'!$B$2:$B$527,'Master Data'!$A$2:$A$527=$B13)),"""")"),"Bawang Merah") -> Bawang Merah | J13: =IFERROR(__xludf.DUMMYFUNCTION("""COMPUTED_VALUE"""),"Bawang Putih") -> Bawang Putih | K13: =IFERROR(__xludf.DUMMYFUNCTION("""COMPUTED_VALUE"""),"Laos") -> Laos | L13: =IFERROR(__xludf.DUMMYFUNCTION("""COMPUTED_VALUE"""),"Serai") -> Serai | M13: =IFERROR(__xludf.DUMMYFUNCTION("""COMPUTED_VALUE"""),"Cabe Merah") -> Cabe Merah | N13: =IFERROR(__xludf.DUMMYFUNCTION("""COMPUTED_VALUE"""),"Bawang Bombay") -> Bawang Bombay | O13: =IFERROR(__xludf.DUMMYFUNCTION("""COMPUTED_VALUE"""),"Ketumbar") -> Ketumbar | P13: =IFERROR(__xludf.DUMMYFUNCTION("""COMPUTED_VALUE"""),"Kencur") -> Kencur | Q13: =IFERROR(__xludf.DUMMYFUNCTION("""COMPUTED_VALUE"""),"Kunyit") -> Kunyit | R13: =IFERROR(__xludf.DUMMYFUNCTION("""COMPUTED_VALUE"""),"Jahe") -> Jahe | S13: =IFERROR(__xludf.DUMMYFUNCTION("""COMPUTED_VALUE"""),"Kelapa Parut") -> Kelapa Parut | T13: =IFERROR(__xludf.DUMMYFUNCTION("""COMPUTED_VALUE"""),"Cabe Ijo") -> Cabe Ijo
A14: 46113 | B14: Protein Nabati | C14: Kacang Tanah | D14: =IF(C14="","",IFERROR(VLOOKUP(C14,'Master Data'!$B$2:$C$527,2,FALSE),"")) -> Kg | E14: 6 | H14: =IFERROR('Master Data'!E18,"") | I14: =IFERROR(__xludf.DUMMYFUNCTION("IFERROR(TRANSPOSE(FILTER('Master Data'!$B$2:$B$527,'Master Data'!$A$2:$A$527=$B14)),"""")"),"Tempe") -> Tempe | J14: =IFERROR(__xludf.DUMMYFUNCTION("""COMPUTED_VALUE"""),"Tahu") -> Tahu | K14: =IFERROR(__xludf.DUMMYFUNCTION("""COMPUTED_VALUE"""),"Kacang Hijau") -> Kacang Hijau | L14: =IFERROR(__xludf.DUMMYFUNCTION("""COMPUTED_VALUE"""),"Kacang Tanah") -> Kacang Tanah | M14: =IFERROR(__xludf.DUMMYFUNCTION("""COMPUTED_VALUE"""),"Kedelai") -> Kedelai | N14: =IFERROR(__xludf.DUMMYFUNCTION("""COMPUTED_VALUE"""),"Oncom") -> Oncom
A15: 46113 | B15: Bumbu Masak Sayur | C15: Bawang Merah | D15: =IF(C15="","",IFERROR(VLOOKUP(C15,'Master Data'!$B$2:$C$527,2,FALSE),"")) -> Kg | E15: 6 | H15: =IFERROR('Master Data'!E19,"") | I15: =IFERROR(__xludf.DUMMYFUNCTION("IFERROR(TRANSPOSE(FILTER('Master Data'!$B$2:$B$527,'Master Data'!$A$2:$A$527=$B15)),"""")"),"Bawang Merah") -> Bawang Merah | J15: =IFERROR(__xludf.DUMMYFUNCTION("""COMPUTED_VALUE"""),"Bawang Putih") -> Bawang Putih | K15: =IFERROR(__xludf.DUMMYFUNCTION("""COMPUTED_VALUE"""),"Laos") -> Laos | L15: =IFERROR(__xludf.DUMMYFUNCTION("""COMPUTED_VALUE"""),"Serai") -> Serai | M15: =IFERROR(__xludf.DUMMYFUNCTION("""COMPUTED_VALUE"""),"Cabe Merah") -> Cabe Merah | N15: =IFERROR(__xludf.DUMMYFUNCTION("""COMPUTED_VALUE"""),"Bawang Bombay") -> Bawang Bombay | O15: =IFERROR(__xludf.DUMMYFUNCTION("""COMPUTED_VALUE"""),"Ketumbar") -> Ketumbar | P15: =IFERROR(__xludf.DUMMYFUNCTION("""COMPUTED_VALUE"""),"Kencur") -> Kencur | Q15: =IFERROR(__xludf.DUMMYFUNCTION("""COMPUTED_VALUE"""),"Kunyit") -> Kunyit | R15: =IFERROR(__xludf.DUMMYFUNCTION("""COMPUTED_VALUE"""),"Jahe") -> Jahe | S15: =IFERROR(__xludf.DUMMYFUNCTION("""COMPUTED_VALUE"""),"Kelapa Parut") -> Kelapa Parut | T15: =IFERROR(__xludf.DUMMYFUNCTION("""COMPUTED_VALUE"""),"Cabe Ijo") -> Cabe Ijo
A16: 46113 | B16: Bumbu Masak Sayur | C16: Bawang Putih | D16: =IF(C16="","",IFERROR(VLOOKUP(C16,'Master Data'!$B$2:$C$527,2,FALSE),"")) -> Kg | E16: 5 | H16: =IFERROR('Master Data'!E21,"") | I16: =IFERROR(__xludf.DUMMYFUNCTION("IFERROR(TRANSPOSE(FILTER('Master Data'!$B$2:$B$527,'Master Data'!$A$2:$A$527=$B16)),"""")"),"Bawang Merah") -> Bawang Merah | J16: =IFERROR(__xludf.DUMMYFUNCTION("""COMPUTED_VALUE"""),"Bawang Putih") -> Bawang Putih | K16: =IFERROR(__xludf.DUMMYFUNCTION("""COMPUTED_VALUE"""),"Laos") -> Laos | L16: =IFERROR(__xludf.DUMMYFUNCTION("""COMPUTED_VALUE"""),"Serai") -> Serai | M16: =IFERROR(__xludf.DUMMYFUNCTION("""COMPUTED_VALUE"""),"Cabe Merah") -> Cabe Merah | N16: =IFERROR(__xludf.DUMMYFUNCTION("""COMPUTED_VALUE"""),"Bawang Bombay") -> Bawang Bombay | O16: =IFERROR(__xludf.DUMMYFUNCTION("""COMPUTED_VALUE"""),"Ketumbar") -> Ketumbar | P16: =IFERROR(__xludf.DUMMYFUNCTION("""COMPUTED_VALUE"""),"Kencur") -> Kencur | Q16: =IFERROR(__xludf.DUMMYFUNCTION("""COMPUTED_VALUE"""),"Kunyit") -> Kunyit | R16: =IFERROR(__xludf.DUMMYFUNCTION("""COMPUTED_VALUE"""),"Jahe") -> Jahe | S16: =IFERROR(__xludf.DUMMYFUNCTION("""COMPUTED_VALUE"""),"Kelapa Parut") -> Kelapa Parut | T16: =IFERROR(__xludf.DUMMYFUNCTION("""COMPUTED_VALUE"""),"Cabe Ijo") -> Cabe Ijo
A17: 46113 | B17: Bumbu Masak Sayur | C17: Laos | D17: =IF(C17="","",IFERROR(VLOOKUP(C17,'Master Data'!$B$2:$C$527,2,FALSE),"")) -> Kg | E17: 4 | H17: =IFERROR('Master Data'!E22,"") | I17: =IFERROR(__xludf.DUMMYFUNCTION("IFERROR(TRANSPOSE(FILTER('Master Data'!$B$2:$B$527,'Master Data'!$A$2:$A$527=$B17)),"""")"),"Bawang Merah") -> Bawang Merah | J17: =IFERROR(__xludf.DUMMYFUNCTION("""COMPUTED_VALUE"""),"Bawang Putih") -> Bawang Putih | K17: =IFERROR(__xludf.DUMMYFUNCTION("""COMPUTED_VALUE"""),"Laos") -> Laos | L17: =IFERROR(__xludf.DUMMYFUNCTION("""COMPUTED_VALUE"""),"Serai") -> Serai | M17: =IFERROR(__xludf.DUMMYFUNCTION("""COMPUTED_VALUE"""),"Cabe Merah") -> Cabe Merah | N17: =IFERROR(__xludf.DUMMYFUNCTION("""COMPUTED_VALUE"""),"Bawang Bombay") -> Bawang Bombay | O17: =IFERROR(__xludf.DUMMYFUNCTION("""COMPUTED_VALUE"""),"Ketumbar") -> Ketumbar | P17: =IFERROR(__xludf.DUMMYFUNCTION("""COMPUTED_VALUE"""),"Kencur") -> Kencur | Q17: =IFERROR(__xludf.DUMMYFUNCTION("""COMPUTED_VALUE"""),"Kunyit") -> Kunyit | R17: =IFERROR(__xludf.DUMMYFUNCTION("""COMPUTED_VALUE"""),"Jahe") -> Jahe | S17: =IFERROR(__xludf.DUMMYFUNCTION("""COMPUTED_VALUE"""),"Kelapa Parut") -> Kelapa Parut | T17: =IFERROR(__xludf.DUMMYFUNCTION("""COMPUTED_VALUE"""),"Cabe Ijo") -> Cabe Ijo
A18: 46113 | B18: Bumbu Masak Sayur | C18: Serai | D18: =IF(C18="","",IFERROR(VLOOKUP(C18,'Master Data'!$B$2:$C$527,2,FALSE),"")) -> Ikat | E18: 10 | H18: =IFERROR('Master Data'!E23,"") | I18: =IFERROR(__xludf.DUMMYFUNCTION("IFERROR(TRANSPOSE(FILTER('Master Data'!$B$2:$B$527,'Master Data'!$A$2:$A$527=$B18)),"""")"),"Bawang Merah") -> Bawang Merah | J18: =IFERROR(__xludf.DUMMYFUNCTION("""COMPUTED_VALUE"""),"Bawang Putih") -> Bawang Putih | K18: =IFERROR(__xludf.DUMMYFUNCTION("""COMPUTED_VALUE"""),"Laos") -> Laos | L18: =IFERROR(__xludf.DUMMYFUNCTION("""COMPUTED_VALUE"""),"Serai") -> Serai | M18: =IFERROR(__xludf.DUMMYFUNCTION("""COMPUTED_VALUE"""),"Cabe Merah") -> Cabe Merah | N18: =IFERROR(__xludf.DUMMYFUNCTION("""COMPUTED_VALUE"""),"Bawang Bombay") -> Bawang Bombay | O18: =IFERROR(__xludf.DUMMYFUNCTION("""COMPUTED_VALUE"""),"Ketumbar") -> Ketumbar | P18: =IFERROR(__xludf.DUMMYFUNCTION("""COMPUTED_VALUE"""),"Kencur") -> Kencur | Q18: =IFERROR(__xludf.DUMMYFUNCTION("""COMPUTED_VALUE"""),"Kunyit") -> Kunyit | R18: =IFERROR(__xludf.DUMMYFUNCTION("""COMPUTED_VALUE"""),"Jahe") -> Jahe | S18: =IFERROR(__xludf.DUMMYFUNCTION("""COMPUTED_VALUE"""),"Kelapa Parut") -> Kelapa Parut | T18: =IFERROR(__xludf.DUMMYFUNCTION("""COMPUTED_VALUE"""),"Cabe Ijo") -> Cabe Ijo
A19: 46113 | B19: Bumbu Masak Sayur | C19: Jahe | D19: =IF(C19="","",IFERROR(VLOOKUP(C19,'Master Data'!$B$2:$C$527,2,FALSE),"")) -> Kg | E19: 3 | H19: =IFERROR('Master Data'!E25,"") | I19: =IFERROR(__xludf.DUMMYFUNCTION("IFERROR(TRANSPOSE(FILTER('Master Data'!$B$2:$B$527,'Master Data'!$A$2:$A$527=$B19)),"""")"),"Bawang Merah") -> Bawang Merah | J19: =IFERROR(__xludf.DUMMYFUNCTION("""COMPUTED_VALUE"""),"Bawang Putih") -> Bawang Putih | K19: =IFERROR(__xludf.DUMMYFUNCTION("""COMPUTED_VALUE"""),"Laos") -> Laos | L19: =IFERROR(__xludf.DUMMYFUNCTION("""COMPUTED_VALUE"""),"Serai") -> Serai | M19: =IFERROR(__xludf.DUMMYFUNCTION("""COMPUTED_VALUE"""),"Cabe Merah") -> Cabe Merah | N19: =IFERROR(__xludf.DUMMYFUNCTION("""COMPUTED_VALUE"""),"Bawang Bombay") -> Bawang Bombay | O19: =IFERROR(__xludf.DUMMYFUNCTION("""COMPUTED_VALUE"""),"Ketumbar") -> Ketumbar | P19: =IFERROR(__xludf.DUMMYFUNCTION("""COMPUTED_VALUE"""),"Kencur") -> Kencur | Q19: =IFERROR(__xludf.DUMMYFUNCTION("""COMPUTED_VALUE"""),"Kunyit") -> Kunyit | R19: =IFERROR(__xludf.DUMMYFUNCTION("""COMPUTED_VALUE"""),"Jahe") -> Jahe | S19: =IFERROR(__xludf.DUMMYFUNCTION("""COMPUTED_VALUE"""),"Kelapa Parut") -> Kelapa Parut | T19: =IFERROR(__xludf.DUMMYFUNCTION("""COMPUTED_VALUE"""),"Cabe Ijo") -> Cabe Ijo
A20: 46113 | B20: Bumbu Masak Sembako | C20: Gula Merah | D20: =IF(C20="","",IFERROR(VLOOKUP(C20,'Master Data'!$B$2:$C$527,2,FALSE),"")) -> Kg | E20: 5 | H20: =IFERROR('Master Data'!E26,"") | I20: =IFERROR(__xludf.DUMMYFUNCTION("IFERROR(TRANSPOSE(FILTER('Master Data'!$B$2:$B$527,'Master Data'!$A$2:$A$527=$B20)),"""")"),"Tepung Terigu") -> Tepung Terigu | J20: =IFERROR(__xludf.DUMMYFUNCTION("""COMPUTED_VALUE"""),"Tepung Tapioka") -> Tepung Tapioka | K20: =IFERROR(__xludf.DUMMYFUNCTION("""COMPUTED_VALUE"""),"Sajiku") -> Sajiku | L20: =IFERROR(__xludf.DUMMYFUNCTION("""COMPUTED_VALUE"""),"Lada") -> Lada | M20: =IFERROR(__xludf.DUMMYFUNCTION("""COMPUTED_VALUE"""),"Minyak Goreng") -> Minyak Goreng | N20: =IFERROR(__xludf.DUMMYFUNCTION("""COMPUTED_VALUE"""),"Maizena") -> Maizena | O20: =IFERROR(__xludf.DUMMYFUNCTION("""COMPUTED_VALUE"""),"Saori") -> Saori | P20: =IFERROR(__xludf.DUMMYFUNCTION("""COMPUTED_VALUE"""),"Tepung Beras") -> Tepung Beras | Q20: =IFERROR(__xludf.DUMMYFUNCTION("""COMPUTED_VALUE"""),"Garam Kasar") -> Garam Kasar | R20: =IFERROR(__xludf.DUMMYFUNCTION("""COMPUTED_VALUE"""),"Garam Halus") -> Garam Halus | S20: =IFERROR(__xludf.DUMMYFUNCTION("""COMPUTED_VALUE"""),"Gula Putih") -> Gula Putih | T20: =IFERROR(__xludf.DUMMYFUNCTION("""COMPUTED_VALUE"""),"Gula Merah") -> Gula Merah | U20: =IFERROR(__xludf.DUMMYFUNCTION("""COMPUTED_VALUE"""),"Kecap") -> Kecap | V20: =IFERROR(__xludf.DUMMYFUNCTION("""COMPUTED_VALUE"""),"Keju") -> Keju | W20: =IFERROR(__xludf.DUMMYFUNCTION("""COMPUTED_VALUE"""),"Bumbu Marinasi") -> Bumbu Marinasi | X20: =IFERROR(__xludf.DUMMYFUNCTION("""COMPUTED_VALUE"""),"Saos Tomat") -> Saos Tomat | Y20: =IFERROR(__xludf.DUMMYFUNCTION("""COMPUTED_VALUE"""),"Tepung Panir") -> Tepung Panir | Z20: =IFERROR(__xludf.DUMMYFUNCTION("""COMPUTED_VALUE"""),"Asem Jawa") -> Asem Jawa
A21: 46113 | B21: Buah | C21: Semangka | D21: =IF(C21="","",IFERROR(VLOOKUP(C21,'Master Data'!$B$2:$C$527,2,FALSE),"")) -> Kg | E21: 669 | H21: =IFERROR('Master Data'!E27,"") | I21: =IFERROR(__xludf.DUMMYFUNCTION("IFERROR(TRANSPOSE(FILTER('Master Data'!$B$2:$B$527,'Master Data'!$A$2:$A$527=$B21)),"""")"),"Melon") -> Melon | J21: =IFERROR(__xludf.DUMMYFUNCTION("""COMPUTED_VALUE"""),"Semangka") -> Semangka | K21: =IFERROR(__xludf.DUMMYFUNCTION("""COMPUTED_VALUE"""),"Jeruk") -> Jeruk | L21: =IFERROR(__xludf.DUMMYFUNCTION("""COMPUTED_VALUE"""),"Pisang") -> Pisang | M21: =IFERROR(__xludf.DUMMYFUNCTION("""COMPUTED_VALUE"""),"Buah Naga") -> Buah Naga | N21: =IFERROR(__xludf.DUMMYFUNCTION("""COMPUTED_VALUE"""),"Salak") -> Salak | O21: =IFERROR(__xludf.DUMMYFUNCTION("""COMPUTED_VALUE"""),"Apel") -> Apel
A22: 46113 | B22: Bumbu Masak Sembako | C22: Minyak Goreng | D22: =IF(C22="","",IFERROR(VLOOKUP(C22,'Master Data'!$B$2:$C$527,2,FALSE),"")) -> Dus | E22: 2 | H22: =IFERROR('Master Data'!E28,"") | I22: =IFERROR(__xludf.DUMMYFUNCTION("IFERROR(TRANSPOSE(FILTER('Master Data'!$B$2:$B$527,'Master Data'!$A$2:$A$527=$B22)),"""")"),"Tepung Terigu") -> Tepung Terigu | J22: =IFERROR(__xludf.DUMMYFUNCTION("""COMPUTED_VALUE"""),"Tepung Tapioka") -> Tepung Tapioka | K22: =IFERROR(__xludf.DUMMYFUNCTION("""COMPUTED_VALUE"""),"Sajiku") -> Sajiku | L22: =IFERROR(__xludf.DUMMYFUNCTION("""COMPUTED_VALUE"""),"Lada") -> Lada | M22: =IFERROR(__xludf.DUMMYFUNCTION("""COMPUTED_VALUE"""),"Minyak Goreng") -> Minyak Goreng | N22: =IFERROR(__xludf.DUMMYFUNCTION("""COMPUTED_VALUE"""),"Maizena") -> Maizena | O22: =IFERROR(__xludf.DUMMYFUNCTION("""COMPUTED_VALUE"""),"Saori") -> Saori | P22: =IFERROR(__xludf.DUMMYFUNCTION("""COMPUTED_VALUE"""),"Tepung Beras") -> Tepung Beras | Q22: =IFERROR(__xludf.DUMMYFUNCTION("""COMPUTED_VALUE"""),"Garam Kasar") -> Garam Kasar | R22: =IFERROR(__xludf.DUMMYFUNCTION("""COMPUTED_VALUE"""),"Garam Halus") -> Garam Halus | S22: =IFERROR(__xludf.DUMMYFUNCTION("""COMPUTED_VALUE"""),"Gula Putih") -> Gula Putih | T22: =IFERROR(__xludf.DUMMYFUNCTION("""COMPUTED_VALUE"""),"Gula Merah") -> Gula Merah | U22: =IFERROR(__xludf.DUMMYFUNCTION("""COMPUTED_VALUE"""),"Kecap") -> Kecap | V22: =IFERROR(__xludf.DUMMYFUNCTION("""COMPUTED_VALUE"""),"Keju") -> Keju | W22: =IFERROR(__xludf.DUMMYFUNCTION("""COMPUTED_VALUE"""),"Bumbu Marinasi") -> Bumbu Marinasi | X22: =IFERROR(__xludf.DUMMYFUNCTION("""COMPUTED_VALUE"""),"Saos Tomat") -> Saos Tomat | Y22: =IFERROR(__xludf.DUMMYFUNCTION("""COMPUTED_VALUE"""),"Tepung Panir") -> Tepung Panir | Z22: =IFERROR(__xludf.DUMMYFUNCTION("""COMPUTED_VALUE"""),"Asem Jawa") -> Asem Jawa
A23: 46113 | B23: Bumbu Masak Sembako | C23: Gula Putih | D23: =IF(C23="","",IFERROR(VLOOKUP(C23,'Master Data'!$B$2:$C$527,2,FALSE),"")) -> Kg | E23: 10 | H23: =IFERROR('Master Data'!E29,"") | I23: =IFERROR(__xludf.DUMMYFUNCTION("IFERROR(TRANSPOSE(FILTER('Master Data'!$B$2:$B$527,'Master Data'!$A$2:$A$527=$B23)),"""")"),"Tepung Terigu") -> Tepung Terigu | J23: =IFERROR(__xludf.DUMMYFUNCTION("""COMPUTED_VALUE"""),"Tepung Tapioka") -> Tepung Tapioka | K23: =IFERROR(__xludf.DUMMYFUNCTION("""COMPUTED_VALUE"""),"Sajiku") -> Sajiku | L23: =IFERROR(__xludf.DUMMYFUNCTION("""COMPUTED_VALUE"""),"Lada") -> Lada | M23: =IFERROR(__xludf.DUMMYFUNCTION("""COMPUTED_VALUE"""),"Minyak Goreng") -> Minyak Goreng | N23: =IFERROR(__xludf.DUMMYFUNCTION("""COMPUTED_VALUE"""),"Maizena") -> Maizena | O23: =IFERROR(__xludf.DUMMYFUNCTION("""COMPUTED_VALUE"""),"Saori") -> Saori | P23: =IFERROR(__xludf.DUMMYFUNCTION("""COMPUTED_VALUE"""),"Tepung Beras") -> Tepung Beras | Q23: =IFERROR(__xludf.DUMMYFUNCTION("""COMPUTED_VALUE"""),"Garam Kasar") -> Garam Kasar | R23: =IFERROR(__xludf.DUMMYFUNCTION("""COMPUTED_VALUE"""),"Garam Halus") -> Garam Halus | S23: =IFERROR(__xludf.DUMMYFUNCTION("""COMPUTED_VALUE"""),"Gula Putih") -> Gula Putih | T23: =IFERROR(__xludf.DUMMYFUNCTION("""COMPUTED_VALUE"""),"Gula Merah") -> Gula Merah | U23: =IFERROR(__xludf.DUMMYFUNCTION("""COMPUTED_VALUE"""),"Kecap") -> Kecap | V23: =IFERROR(__xludf.DUMMYFUNCTION("""COMPUTED_VALUE"""),"Keju") -> Keju | W23: =IFERROR(__xludf.DUMMYFUNCTION("""COMPUTED_VALUE"""),"Bumbu Marinasi") -> Bumbu Marinasi | X23: =IFERROR(__xludf.DUMMYFUNCTION("""COMPUTED_VALUE"""),"Saos Tomat") -> Saos Tomat | Y23: =IFERROR(__xludf.DUMMYFUNCTION("""COMPUTED_VALUE"""),"Tepung Panir") -> Tepung Panir | Z23: =IFERROR(__xludf.DUMMYFUNCTION("""COMPUTED_VALUE"""),"Asem Jawa") -> Asem Jawa
A24: 46113 | B24: Bumbu Masak Sembako | C24: Kecap | D24: =IF(C24="","",IFERROR(VLOOKUP(C24,'Master Data'!$B$2:$C$527,2,FALSE),"")) -> Pcs | E24: 5 | H24: =IFERROR('Master Data'!E30,"") | I24: =IFERROR(__xludf.DUMMYFUNCTION("IFERROR(TRANSPOSE(FILTER('Master Data'!$B$2:$B$527,'Master Data'!$A$2:$A$527=$B24)),"""")"),"Tepung Terigu") -> Tepung Terigu | J24: =IFERROR(__xludf.DUMMYFUNCTION("""COMPUTED_VALUE"""),"Tepung Tapioka") -> Tepung Tapioka | K24: =IFERROR(__xludf.DUMMYFUNCTION("""COMPUTED_VALUE"""),"Sajiku") -> Sajiku | L24: =IFERROR(__xludf.DUMMYFUNCTION("""COMPUTED_VALUE"""),"Lada") -> Lada | M24: =IFERROR(__xludf.DUMMYFUNCTION("""COMPUTED_VALUE"""),"Minyak Goreng") -> Minyak Goreng | N24: =IFERROR(__xludf.DUMMYFUNCTION("""COMPUTED_VALUE"""),"Maizena") -> Maizena | O24: =IFERROR(__xludf.DUMMYFUNCTION("""COMPUTED_VALUE"""),"Saori") -> Saori | P24: =IFERROR(__xludf.DUMMYFUNCTION("""COMPUTED_VALUE"""),"Tepung Beras") -> Tepung Beras | Q24: =IFERROR(__xludf.DUMMYFUNCTION("""COMPUTED_VALUE"""),"Garam Kasar") -> Garam Kasar | R24: =IFERROR(__xludf.DUMMYFUNCTION("""COMPUTED_VALUE"""),"Garam Halus") -> Garam Halus | S24: =IFERROR(__xludf.DUMMYFUNCTION("""COMPUTED_VALUE"""),"Gula Putih") -> Gula Putih | T24: =IFERROR(__xludf.DUMMYFUNCTION("""COMPUTED_VALUE"""),"Gula Merah") -> Gula Merah | U24: =IFERROR(__xludf.DUMMYFUNCTION("""COMPUTED_VALUE"""),"Kecap") -> Kecap | V24: =IFERROR(__xludf.DUMMYFUNCTION("""COMPUTED_VALUE"""),"Keju") -> Keju | W24: =IFERROR(__xludf.DUMMYFUNCTION("""COMPUTED_VALUE"""),"Bumbu Marinasi") -> Bumbu Marinasi | X24: =IFERROR(__xludf.DUMMYFUNCTION("""COMPUTED_VALUE"""),"Saos Tomat") -> Saos Tomat | Y24: =IFERROR(__xludf.DUMMYFUNCTION("""COMPUTED_VALUE"""),"Tepung Panir") -> Tepung Panir | Z24: =IFERROR(__xludf.DUMMYFUNCTION("""COMPUTED_VALUE"""),"Asem Jawa") -> Asem Jawa
A25: 46113 | B25: Bumbu Masak Sembako | C25: Garam Halus | D25: =IF(C25="","",IFERROR(VLOOKUP(C25,'Master Data'!$B$2:$C$527,2,FALSE),"")) -> Pak | E25: 1 | H25: =IFERROR('Master Data'!E31,"") | I25: =IFERROR(__xludf.DUMMYFUNCTION("IFERROR(TRANSPOSE(FILTER('Master Data'!$B$2:$B$527,'Master Data'!$A$2:$A$527=$B25)),"""")"),"Tepung Terigu") -> Tepung Terigu | J25: =IFERROR(__xludf.DUMMYFUNCTION("""COMPUTED_VALUE"""),"Tepung Tapioka") -> Tepung Tapioka | K25: =IFERROR(__xludf.DUMMYFUNCTION("""COMPUTED_VALUE"""),"Sajiku") -> Sajiku | L25: =IFERROR(__xludf.DUMMYFUNCTION("""COMPUTED_VALUE"""),"Lada") -> Lada | M25: =IFERROR(__xludf.DUMMYFUNCTION("""COMPUTED_VALUE"""),"Minyak Goreng") -> Minyak Goreng | N25: =IFERROR(__xludf.DUMMYFUNCTION("""COMPUTED_VALUE"""),"Maizena") -> Maizena | O25: =IFERROR(__xludf.DUMMYFUNCTION("""COMPUTED_VALUE"""),"Saori") -> Saori | P25: =IFERROR(__xludf.DUMMYFUNCTION("""COMPUTED_VALUE"""),"Tepung Beras") -> Tepung Beras | Q25: =IFERROR(__xludf.DUMMYFUNCTION("""COMPUTED_VALUE"""),"Garam Kasar") -> Garam Kasar | R25: =IFERROR(__xludf.DUMMYFUNCTION("""COMPUTED_VALUE"""),"Garam Halus") -> Garam Halus | S25: =IFERROR(__xludf.DUMMYFUNCTION("""COMPUTED_VALUE"""),"Gula Putih") -> Gula Putih | T25: =IFERROR(__xludf.DUMMYFUNCTION("""COMPUTED_VALUE"""),"Gula Merah") -> Gula Merah | U25: =IFERROR(__xludf.DUMMYFUNCTION("""COMPUTED_VALUE"""),"Kecap") -> Kecap | V25: =IFERROR(__xludf.DUMMYFUNCTION("""COMPUTED_VALUE"""),"Keju") -> Keju | W25: =IFERROR(__xludf.DUMMYFUNCTION("""COMPUTED_VALUE"""),"Bumbu Marinasi") -> Bumbu Marinasi | X25: =IFERROR(__xludf.DUMMYFUNCTION("""COMPUTED_VALUE"""),"Saos Tomat") -> Saos Tomat | Y25: =IFERROR(__xludf.DUMMYFUNCTION("""COMPUTED_VALUE"""),"Tepung Panir") -> Tepung Panir | Z25: =IFERROR(__xludf.DUMMYFUNCTION("""COMPUTED_VALUE"""),"Asem Jawa") -> Asem Jawa
A26: 46113 | B26: Bumbu Masak Sembako | C26: Lada | D26: =IF(C26="","",IFERROR(VLOOKUP(C26,'Master Data'!$B$2:$C$527,2,FALSE),"")) -> Pack | E26: 2 | H26: =IFERROR('Master Data'!E33,"") | I26: =IFERROR(__xludf.DUMMYFUNCTION("IFERROR(TRANSPOSE(FILTER('Master Data'!$B$2:$B$527,'Master Data'!$A$2:$A$527=$B26)),"""")"),"Tepung Terigu") -> Tepung Terigu | J26: =IFERROR(__xludf.DUMMYFUNCTION("""COMPUTED_VALUE"""),"Tepung Tapioka") -> Tepung Tapioka | K26: =IFERROR(__xludf.DUMMYFUNCTION("""COMPUTED_VALUE"""),"Sajiku") -> Sajiku | L26: =IFERROR(__xludf.DUMMYFUNCTION("""COMPUTED_VALUE"""),"Lada") -> Lada | M26: =IFERROR(__xludf.DUMMYFUNCTION("""COMPUTED_VALUE"""),"Minyak Goreng") -> Minyak Goreng | N26: =IFERROR(__xludf.DUMMYFUNCTION("""COMPUTED_VALUE"""),"Maizena") -> Maizena | O26: =IFERROR(__xludf.DUMMYFUNCTION("""COMPUTED_VALUE"""),"Saori") -> Saori | P26: =IFERROR(__xludf.DUMMYFUNCTION("""COMPUTED_VALUE"""),"Tepung Beras") -> Tepung Beras | Q26: =IFERROR(__xludf.DUMMYFUNCTION("""COMPUTED_VALUE"""),"Garam Kasar") -> Garam Kasar | R26: =IFERROR(__xludf.DUMMYFUNCTION("""COMPUTED_VALUE"""),"Garam Halus") -> Garam Halus | S26: =IFERROR(__xludf.DUMMYFUNCTION("""COMPUTED_VALUE"""),"Gula Putih") -> Gula Putih | T26: =IFERROR(__xludf.DUMMYFUNCTION("""COMPUTED_VALUE"""),"Gula Merah") -> Gula Merah | U26: =IFERROR(__xludf.DUMMYFUNCTION("""COMPUTED_VALUE"""),"Kecap") -> Kecap | V26: =IFERROR(__xludf.DUMMYFUNCTION("""COMPUTED_VALUE"""),"Keju") -> Keju | W26: =IFERROR(__xludf.DUMMYFUNCTION("""COMPUTED_VALUE"""),"Bumbu Marinasi") -> Bumbu Marinasi | X26: =IFERROR(__xludf.DUMMYFUNCTION("""COMPUTED_VALUE"""),"Saos Tomat") -> Saos Tomat | Y26: =IFERROR(__xludf.DUMMYFUNCTION("""COMPUTED_VALUE"""),"Tepung Panir") -> Tepung Panir | Z26: =IFERROR(__xludf.DUMMYFUNCTION("""COMPUTED_VALUE"""),"Asem Jawa") -> Asem Jawa
A27: 46113 | B27: Bumbu Masak Sembako | C27: Bumbu Marinasi | D27: =IF(C27="","",IFERROR(VLOOKUP(C27,'Master Data'!$B$2:$C$527,2,FALSE),"")) -> Pack | E27: 3 | H27: =IFERROR('Master Data'!E38,"") | I27: =IFERROR(__xludf.DUMMYFUNCTION("IFERROR(TRANSPOSE(FILTER('Master Data'!$B$2:$B$527,'Master Data'!$A$2:$A$527=$B27)),"""")"),"Tepung Terigu") -> Tepung Terigu | J27: =IFERROR(__xludf.DUMMYFUNCTION("""COMPUTED_VALUE"""),"Tepung Tapioka") -> Tepung Tapioka | K27: =IFERROR(__xludf.DUMMYFUNCTION("""COMPUTED_VALUE"""),"Sajiku") -> Sajiku | L27: =IFERROR(__xludf.DUMMYFUNCTION("""COMPUTED_VALUE"""),"Lada") -> Lada | M27: =IFERROR(__xludf.DUMMYFUNCTION("""COMPUTED_VALUE"""),"Minyak Goreng") -> Minyak Goreng | N27: =IFERROR(__xludf.DUMMYFUNCTION("""COMPUTED_VALUE"""),"Maizena") -> Maizena | O27: =IFERROR(__xludf.DUMMYFUNCTION("""COMPUTED_VALUE"""),"Saori") -> Saori | P27: =IFERROR(__xludf.DUMMYFUNCTION("""COMPUTED_VALUE"""),"Tepung Beras") -> Tepung Beras | Q27: =IFERROR(__xludf.DUMMYFUNCTION("""COMPUTED_VALUE"""),"Garam Kasar") -> Garam Kasar | R27: =IFERROR(__xludf.DUMMYFUNCTION("""COMPUTED_VALUE"""),"Garam Halus") -> Garam Halus | S27: =IFERROR(__xludf.DUMMYFUNCTION("""COMPUTED_VALUE"""),"Gula Putih") -> Gula Putih | T27: =IFERROR(__xludf.DUMMYFUNCTION("""COMPUTED_VALUE"""),"Gula Merah") -> Gula Merah | U27: =IFERROR(__xludf.DUMMYFUNCTION("""COMPUTED_VALUE"""),"Kecap") -> Kecap | V27: =IFERROR(__xludf.DUMMYFUNCTION("""COMPUTED_VALUE"""),"Keju") -> Keju | W27: =IFERROR(__xludf.DUMMYFUNCTION("""COMPUTED_VALUE"""),"Bumbu Marinasi") -> Bumbu Marinasi | X27: =IFERROR(__xludf.DUMMYFUNCTION("""COMPUTED_VALUE"""),"Saos Tomat") -> Saos Tomat | Y27: =IFERROR(__xludf.DUMMYFUNCTION("""COMPUTED_VALUE"""),"Tepung Panir") -> Tepung Panir | Z27: =IFERROR(__xludf.DUMMYFUNCTION("""COMPUTED_VALUE"""),"Asem Jawa") -> Asem Jawa
A28: 46113 | B28: Bumbu Masak Sembako | C28: Asem Jawa | D28: =IF(C28="","",IFERROR(VLOOKUP(C28,'Master Data'!$B$2:$C$527,2,FALSE),"")) -> Pack | E28: 2 | H28: =IFERROR('Master Data'!E41,"") | I28: =IFERROR(__xludf.DUMMYFUNCTION("IFERROR(TRANSPOSE(FILTER('Master Data'!$B$2:$B$527,'Master Data'!$A$2:$A$527=$B28)),"""")"),"Tepung Terigu") -> Tepung Terigu | J28: =IFERROR(__xludf.DUMMYFUNCTION("""COMPUTED_VALUE"""),"Tepung Tapioka") -> Tepung Tapioka | K28: =IFERROR(__xludf.DUMMYFUNCTION("""COMPUTED_VALUE"""),"Sajiku") -> Sajiku | L28: =IFERROR(__xludf.DUMMYFUNCTION("""COMPUTED_VALUE"""),"Lada") -> Lada | M28: =IFERROR(__xludf.DUMMYFUNCTION("""COMPUTED_VALUE"""),"Minyak Goreng") -> Minyak Goreng | N28: =IFERROR(__xludf.DUMMYFUNCTION("""COMPUTED_VALUE"""),"Maizena") -> Maizena | O28: =IFERROR(__xludf.DUMMYFUNCTION("""COMPUTED_VALUE"""),"Saori") -> Saori | P28: =IFERROR(__xludf.DUMMYFUNCTION("""COMPUTED_VALUE"""),"Tepung Beras") -> Tepung Beras | Q28: =IFERROR(__xludf.DUMMYFUNCTION("""COMPUTED_VALUE"""),"Garam Kasar") -> Garam Kasar | R28: =IFERROR(__xludf.DUMMYFUNCTION("""COMPUTED_VALUE"""),"Garam Halus") -> Garam Halus | S28: =IFERROR(__xludf.DUMMYFUNCTION("""COMPUTED_VALUE"""),"Gula Putih") -> Gula Putih | T28: =IFERROR(__xludf.DUMMYFUNCTION("""COMPUTED_VALUE"""),"Gula Merah") -> Gula Merah | U28: =IFERROR(__xludf.DUMMYFUNCTION("""COMPUTED_VALUE"""),"Kecap") -> Kecap | V28: =IFERROR(__xludf.DUMMYFUNCTION("""COMPUTED_VALUE"""),"Keju") -> Keju | W28: =IFERROR(__xludf.DUMMYFUNCTION("""COMPUTED_VALUE"""),"Bumbu Marinasi") -> Bumbu Marinasi | X28: =IFERROR(__xludf.DUMMYFUNCTION("""COMPUTED_VALUE"""),"Saos Tomat") -> Saos Tomat | Y28: =IFERROR(__xludf.DUMMYFUNCTION("""COMPUTED_VALUE"""),"Tepung Panir") -> Tepung Panir | Z28: =IFERROR(__xludf.DUMMYFUNCTION("""COMPUTED_VALUE"""),"Asem Jawa") -> Asem Jawa
A29: 46113 | B29: Isi Ulang | C29: Galon | D29: =IF(C29="","",IFERROR(VLOOKUP(C29,'Master Data'!$B$2:$C$527,2,FALSE),"")) -> Buah | E29: 28 | H29: =IFERROR('Master Data'!E42,"") | I29: =IFERROR(__xludf.DUMMYFUNCTION("IFERROR(TRANSPOSE(FILTER('Master Data'!$B$2:$B$527,'Master Data'!$A$2:$A$527=$B29)),"""")"),"Galon") -> Galon | J29: =IFERROR(__xludf.DUMMYFUNCTION("""COMPUTED_VALUE"""),"Tedmon") -> Tedmon | K29: =IFERROR(__xludf.DUMMYFUNCTION("""COMPUTED_VALUE"""),"Gas") -> Gas
A30: 46113 | B30: Isi Ulang | C30: Gas | D30: =IF(C30="","",IFERROR(VLOOKUP(C30,'Master Data'!$B$2:$C$527,2,FALSE),"")) -> Tabung | E30: 6 | H30: =IFERROR('Master Data'!E43,"") | I30: =IFERROR(__xludf.DUMMYFUNCTION("IFERROR(TRANSPOSE(FILTER('Master Data'!$B$2:$B$527,'Master Data'!$A$2:$A$527=$B30)),"""")"),"Galon") -> Galon | J30: =IFERROR(__xludf.DUMMYFUNCTION("""COMPUTED_VALUE"""),"Tedmon") -> Tedmon | K30: =IFERROR(__xludf.DUMMYFUNCTION("""COMPUTED_VALUE"""),"Gas") -> Gas
A31: 46113 | B31: Isi Ulang | C31: Tedmon | D31: =IF(C31="","",IFERROR(VLOOKUP(C31,'Master Data'!$B$2:$C$527,2,FALSE),"")) -> Buah | E31: 8 | H31: =IFERROR('Master Data'!E44,"") | I31: =IFERROR(__xludf.DUMMYFUNCTION("IFERROR(TRANSPOSE(FILTER('Master Data'!$B$2:$B$527,'Master Data'!$A$2:$A$527=$B31)),"""")"),"Galon") -> Galon | J31: =IFERROR(__xludf.DUMMYFUNCTION("""COMPUTED_VALUE"""),"Tedmon") -> Tedmon | K31: =IFERROR(__xludf.DUMMYFUNCTION("""COMPUTED_VALUE"""),"Gas") -> Gas
A32: 46113 | B32: Protein Hewani | C32: Susu UHT | D32: =IF(C32="","",IFERROR(VLOOKUP(C32,'Master Data'!$B$2:$C$527,2,FALSE),"")) -> Dus | E32: 73 | H32: =IFERROR('Master Data'!E45,"") | I32: =IFERROR(__xludf.DUMMYFUNCTION("IFERROR(TRANSPOSE(FILTER('Master Data'!$B$2:$B$527,'Master Data'!$A$2:$A$527=$B32)),"""")"),"Daging Ayam Fillet") -> Daging Ayam Fillet | J32: =IFERROR(__xludf.DUMMYFUNCTION("""COMPUTED_VALUE"""),"Daging Ayam Tulang (Potong)") -> Daging Ayam Tulang (Potong) | K32: =IFERROR(__xludf.DUMMYFUNCTION("""COMPUTED_VALUE"""),"Ikan Patin Fillet") -> Ikan Patin Fillet | L32: =IFERROR(__xludf.DUMMYFUNCTION("""COMPUTED_VALUE"""),"Telur") -> Telur | M32: =IFERROR(__xludf.DUMMYFUNCTION("""COMPUTED_VALUE"""),"Ikan giling") -> Ikan giling | N32: =IFERROR(__xludf.DUMMYFUNCTION("""COMPUTED_VALUE"""),"Ayam Giling") -> Ayam Giling | O32: =IFERROR(__xludf.DUMMYFUNCTION("""COMPUTED_VALUE"""),"Daging Sapi") -> Daging Sapi | P32: =IFERROR(__xludf.DUMMYFUNCTION("""COMPUTED_VALUE"""),"Udang") -> Udang | Q32: =IFERROR(__xludf.DUMMYFUNCTION("""COMPUTED_VALUE"""),"Susu UHT") -> Susu UHT
A33: 46113 | D33: =IF(C33="","",IFERROR(VLOOKUP(C33,'Master Data'!$B$2:$C$527,2,FALSE),"")) | H33: =IFERROR('Master Data'!E47,"") | I33: =IFERROR(__xludf.DUMMYFUNCTION("IFERROR(TRANSPOSE(FILTER('Master Data'!$B$2:$B$527,'Master Data'!$A$2:$A$527=$B33)),"""")"),"#REF!") -> #REF! | R33: Babi | S33: Ikan Babi
A34: 46113 | D34: =IF(C34="","",IFERROR(VLOOKUP(C34,'Master Data'!$B$2:$C$527,2,FALSE),"")) | H34: =IFERROR('Master Data'!E48,"") | I34: =IFERROR(__xludf.DUMMYFUNCTION("IFERROR(TRANSPOSE(FILTER('Master Data'!$B$2:$B$527,'Master Data'!$A$2:$A$527=$B34)),"""")"),"")
D35: =IF(C35="","",IFERROR(VLOOKUP(C35,'Master Data'!$B$2:$C$527,2,FALSE),"")) | H35: =IFERROR('Master Data'!E49,"") | I35: =IFERROR(__xludf.DUMMYFUNCTION("IFERROR(TRANSPOSE(FILTER('Master Data'!$B$2:$B$527,'Master Data'!$A$2:$A$527=$B35)),"""")"),"")
D36: =IF(C36="","",IFERROR(VLOOKUP(C36,'Master Data'!$B$2:$C$527,2,FALSE),"")) | H36: =IFERROR('Master Data'!E50,"") | I36: =IFERROR(__xludf.DUMMYFUNCTION("IFERROR(TRANSPOSE(FILTER('Master Data'!$B$2:$B$527,'Master Data'!$A$2:$A$527=$B36)),"""")"),"")
D37: =IF(C37="","",IFERROR(VLOOKUP(C37,'Master Data'!$B$2:$C$527,2,FALSE),"")) | H37: =IFERROR('Master Data'!E51,"") | I37: =IFERROR(__xludf.DUMMYFUNCTION("IFERROR(TRANSPOSE(FILTER('Master Data'!$B$2:$B$527,'Master Data'!$A$2:$A$527=$B37)),"""")"),"")
D38: =IF(C38="","",IFERROR(VLOOKUP(C38,'Master Data'!$B$2:$C$527,2,FALSE),"")) | H38: =IFERROR('Master Data'!E52,"") | I38: =IFERROR(__xludf.DUMMYFUNCTION("IFERROR(TRANSPOSE(FILTER('Master Data'!$B$2:$B$527,'Master Data'!$A$2:$A$527=$B38)),"""")"),"")
D39: =IF(C39="","",IFERROR(VLOOKUP(C39,'Master Data'!$B$2:$C$527,2,FALSE),"")) | H39: =IFERROR('Master Data'!E53,"") | I39: =IFERROR(__xludf.DUMMYFUNCTION("IFERROR(TRANSPOSE(FILTER('Master Data'!$B$2:$B$527,'Master Data'!$A$2:$A$527=$B39)),"""")"),"")
D40: =IF(C40="","",IFERROR(VLOOKUP(C40,'Master Data'!$B$2:$C$527,2,FALSE),"")) | H40: =IFERROR('Master Data'!E55,"") | I40: =IFERROR(__xludf.DUMMYFUNCTION("IFERROR(TRANSPOSE(FILTER('Master Data'!$B$2:$B$527,'Master Data'!$A$2:$A$527=$B40)),"""")"),"")
D41: =IF(C41="","",IFERROR(VLOOKUP(C41,'Master Data'!$B$2:$C$527,2,FALSE),"")) | H41: =IFERROR('Master Data'!E58,"") | I41: =IFERROR(__xludf.DUMMYFUNCTION("IFERROR(TRANSPOSE(FILTER('Master Data'!$B$2:$B$527,'Master Data'!$A$2:$A$527=$B41)),"""")"),"")
D42: =IF(C42="","",IFERROR(VLOOKUP(C42,'Master Data'!$B$2:$C$527,2,FALSE),"")) | H42: =IFERROR('Master Data'!E59,"") | I42: =IFERROR(__xludf.DUMMYFUNCTION("IFERROR(TRANSPOSE(FILTER('Master Data'!$B$2:$B$527,'Master Data'!$A$2:$A$527=$B42)),"""")"),"")
D43: =IF(C43="","",IFERROR(VLOOKUP(C43,'Master Data'!$B$2:$C$527,2,FALSE),"")) | H43: =IFERROR('Master Data'!E61,"") | I43: =IFERROR(__xludf.DUMMYFUNCTION("IFERROR(TRANSPOSE(FILTER('Master Data'!$B$2:$B$527,'Master Data'!$A$2:$A$527=$B43)),"""")"),"")
D44: =IF(C44="","",IFERROR(VLOOKUP(C44,'Master Data'!$B$2:$C$527,2,FALSE),"")) | H44: =IFERROR('Master Data'!E62,"") | I44: =IFERROR(__xludf.DUMMYFUNCTION("IFERROR(TRANSPOSE(FILTER('Master Data'!$B$2:$B$527,'Master Data'!$A$2:$A$527=$B44)),"""")"),"")
D45: =IF(C45="","",IFERROR(VLOOKUP(C45,'Master Data'!$B$2:$C$527,2,FALSE),"")) | H45: =IFERROR('Master Data'!E63,"") | I45: =IFERROR(__xludf.DUMMYFUNCTION("IFERROR(TRANSPOSE(FILTER('Master Data'!$B$2:$B$527,'Master Data'!$A$2:$A$527=$B45)),"""")"),"")
D46: =IF(C46="","",IFERROR(VLOOKUP(C46,'Master Data'!$B$2:$C$527,2,FALSE),"")) | H46: =IFERROR('Master Data'!E64,"") | I46: =IFERROR(__xludf.DUMMYFUNCTION("IFERROR(TRANSPOSE(FILTER('Master Data'!$B$2:$B$527,'Master Data'!$A$2:$A$527=$B46)),"""")"),"")
D47: =IF(C47="","",IFERROR(VLOOKUP(C47,'Master Data'!$B$2:$C$527,2,FALSE),"")) | H47: =IFERROR('Master Data'!E65,"") | I47: =IFERROR(__xludf.DUMMYFUNCTION("IFERROR(TRANSPOSE(FILTER('Master Data'!$B$2:$B$527,'Master Data'!$A$2:$A$527=$B47)),"""")"),"")
D48: =IF(C48="","",IFERROR(VLOOKUP(C48,'Master Data'!$B$2:$C$527,2,FALSE),"")) | H48: =IFERROR('Master Data'!E66,"") | I48: =IFERROR(__xludf.DUMMYFUNCTION("IFERROR(TRANSPOSE(FILTER('Master Data'!$B$2:$B$527,'Master Data'!$A$2:$A$527=$B48)),"""")"),"")
D49: =IF(C49="","",IFERROR(VLOOKUP(C49,'Master Data'!$B$2:$C$527,2,FALSE),"")) | H49: =IFERROR('Master Data'!E67,"") | I49: =IFERROR(__xludf.DUMMYFUNCTION("IFERROR(TRANSPOSE(FILTER('Master Data'!$B$2:$B$527,'Master Data'!$A$2:$A$527=$B49)),"""")"),"")
D50: =IF(C50="","",IFERROR(VLOOKUP(C50,'Master Data'!$B$2:$C$527,2,FALSE),"")) | H50: =IFERROR('Master Data'!E69,"") | I50: =IFERROR(__xludf.DUMMYFUNCTION("IFERROR(TRANSPOSE(FILTER('Master Data'!$B$2:$B$527,'Master Data'!$A$2:$A$527=$B50)),"""")"),"")
D51: =IF(C51="","",IFERROR(VLOOKUP(C51,'Master Data'!$B$2:$C$527,2,FALSE),"")) | H51: =IFERROR('Master Data'!E72,"") | I51: =IFERROR(__xludf.DUMMYFUNCTION("IFERROR(TRANSPOSE(FILTER('Master Data'!$B$2:$B$527,'Master Data'!$A$2:$A$527=$B51)),"""")"),"")
D52: =IF(C52="","",IFERROR(VLOOKUP(C52,'Master Data'!$B$2:$C$527,2,FALSE),"")) | H52: =IFERROR('Master Data'!E79,"") | I52: =IFERROR(__xludf.DUMMYFUNCTION("IFERROR(TRANSPOSE(FILTER('Master Data'!$B$2:$B$527,'Master Data'!$A$2:$A$527=$B52)),"""")"),"")
D53: =IF(C53="","",IFERROR(VLOOKUP(C53,'Master Data'!$B$2:$C$527,2,FALSE),"")) | H53: =IFERROR('Master Data'!E80,"") | I53: =IFERROR(__xludf.DUMMYFUNCTION("IFERROR(TRANSPOSE(FILTER('Master Data'!$B$2:$B$527,'Master Data'!$A$2:$A$527=$B53)),"""")"),"")
D54: =IF(C54="","",IFERROR(VLOOKUP(C54,'Master Data'!$B$2:$C$527,2,FALSE),"")) | H54: =IFERROR('Master Data'!E81,"") | I54: =IFERROR(__xludf.DUMMYFUNCTION("IFERROR(TRANSPOSE(FILTER('Master Data'!$B$2:$B$527,'Master Data'!$A$2:$A$527=$B54)),"""")"),"")
D55: =IF(C55="","",IFERROR(VLOOKUP(C55,'Master Data'!$B$2:$C$527,2,FALSE),"")) | H55: =IFERROR('Master Data'!E82,"") | I55: =IFERROR(__xludf.DUMMYFUNCTION("IFERROR(TRANSPOSE(FILTER('Master Data'!$B$2:$B$527,'Master Data'!$A$2:$A$527=$B55)),"""")"),"")
D56: =IF(C56="","",IFERROR(VLOOKUP(C56,'Master Data'!$B$2:$C$527,2,FALSE),"")) | H56: =IFERROR('Master Data'!E83,"") | I56: =IFERROR(__xludf.DUMMYFUNCTION("IFERROR(TRANSPOSE(FILTER('Master Data'!$B$2:$B$527,'Master Data'!$A$2:$A$527=$B56)),"""")"),"")
D57: =IF(C57="","",IFERROR(VLOOKUP(C57,'Master Data'!$B$2:$C$527,2,FALSE),"")) | H57: =IFERROR('Master Data'!E84,"") | I57: =IFERROR(__xludf.DUMMYFUNCTION("IFERROR(TRANSPOSE(FILTER('Master Data'!$B$2:$B$527,'Master Data'!$A$2:$A$527=$B57)),"""")"),"")
D58: =IF(C58="","",IFERROR(VLOOKUP(C58,'Master Data'!$B$2:$C$527,2,FALSE),"")) | H58: =IFERROR('Master Data'!E85,"") | I58: =IFERROR(__xludf.DUMMYFUNCTION("IFERROR(TRANSPOSE(FILTER('Master Data'!$B$2:$B$527,'Master Data'!$A$2:$A$527=$B58)),"""")"),"")
D59: =IF(C59="","",IFERROR(VLOOKUP(C59,'Master Data'!$B$2:$C$527,2,FALSE),"")) | H59: =IFERROR('Master Data'!E86,"") | I59: =IFERROR(__xludf.DUMMYFUNCTION("IFERROR(TRANSPOSE(FILTER('Master Data'!$B$2:$B$527,'Master Data'!$A$2:$A$527=$B59)),"""")"),"")
D60: =IF(C60="","",IFERROR(VLOOKUP(C60,'Master Data'!$B$2:$C$527,2,FALSE),"")) | H60: =IFERROR('Master Data'!E87,"") | I60: =IFERROR(__xludf.DUMMYFUNCTION("IFERROR(TRANSPOSE(FILTER('Master Data'!$B$2:$B$527,'Master Data'!$A$2:$A$527=$B60)),"""")"),"")
D61: =IF(C61="","",IFERROR(VLOOKUP(C61,'Master Data'!$B$2:$C$527,2,FALSE),"")) | H61: =IFERROR('Master Data'!E88,"") | I61: =IFERROR(__xludf.DUMMYFUNCTION("IFERROR(TRANSPOSE(FILTER('Master Data'!$B$2:$B$527,'Master Data'!$A$2:$A$527=$B61)),"""")"),"")
D62: =IF(C62="","",IFERROR(VLOOKUP(C62,'Master Data'!$B$2:$C$527,2,FALSE),"")) | H62: =IFERROR('Master Data'!E89,"") | I62: =IFERROR(__xludf.DUMMYFUNCTION("IFERROR(TRANSPOSE(FILTER('Master Data'!$B$2:$B$527,'Master Data'!$A$2:$A$527=$B62)),"""")"),"")
D63: =IF(C63="","",IFERROR(VLOOKUP(C63,'Master Data'!$B$2:$C$527,2,FALSE),"")) | H63: =IFERROR('Master Data'!E90,"") | I63: =IFERROR(__xludf.DUMMYFUNCTION("IFERROR(TRANSPOSE(FILTER('Master Data'!$B$2:$B$527,'Master Data'!$A$2:$A$527=$B63)),"""")"),"")
D64: =IF(C64="","",IFERROR(VLOOKUP(C64,'Master Data'!$B$2:$C$527,2,FALSE),"")) | H64: =IFERROR('Master Data'!E91,"") | I64: =IFERROR(__xludf.DUMMYFUNCTION("IFERROR(TRANSPOSE(FILTER('Master Data'!$B$2:$B$527,'Master Data'!$A$2:$A$527=$B64)),"""")"),"")
D65: =IF(C65="","",IFERROR(VLOOKUP(C65,'Master Data'!$B$2:$C$527,2,FALSE),"")) | H65: =IFERROR('Master Data'!E92,"") | I65: =IFERROR(__xludf.DUMMYFUNCTION("IFERROR(TRANSPOSE(FILTER('Master Data'!$B$2:$B$527,'Master Data'!$A$2:$A$527=$B65)),"""")"),"")
D66: =IF(C66="","",IFERROR(VLOOKUP(C66,'Master Data'!$B$2:$C$527,2,FALSE),"")) | H66: =IFERROR('Master Data'!E93,"") | I66: =IFERROR(__xludf.DUMMYFUNCTION("IFERROR(TRANSPOSE(FILTER('Master Data'!$B$2:$B$527,'Master Data'!$A$2:$A$527=$B66)),"""")"),"")
D67: =IF(C67="","",IFERROR(VLOOKUP(C67,'Master Data'!$B$2:$C$527,2,FALSE),"")) | H67: =IFERROR('Master Data'!E94,"") | I67: =IFERROR(__xludf.DUMMYFUNCTION("IFERROR(TRANSPOSE(FILTER('Master Data'!$B$2:$B$527,'Master Data'!$A$2:$A$527=$B67)),"""")"),"")
D68: =IF(C68="","",IFERROR(VLOOKUP(C68,'Master Data'!$B$2:$C$527,2,FALSE),"")) | H68: =IFERROR('Master Data'!E95,"") | I68: =IFERROR(__xludf.DUMMYFUNCTION("IFERROR(TRANSPOSE(FILTER('Master Data'!$B$2:$B$527,'Master Data'!$A$2:$A$527=$B68)),"""")"),"")
D69: =IF(C69="","",IFERROR(VLOOKUP(C69,'Master Data'!$B$2:$C$527,2,FALSE),"")) | H69: =IFERROR('Master Data'!E96,"") | I69: =IFERROR(__xludf.DUMMYFUNCTION("IFERROR(TRANSPOSE(FILTER('Master Data'!$B$2:$B$527,'Master Data'!$A$2:$A$527=$B69)),"""")"),"")
D70: =IF(C70="","",IFERROR(VLOOKUP(C70,'Master Data'!$B$2:$C$527,2,FALSE),"")) | H70: =IFERROR('Master Data'!E97,"") | I70: =IFERROR(__xludf.DUMMYFUNCTION("IFERROR(TRANSPOSE(FILTER('Master Data'!$B$2:$B$527,'Master Data'!$A$2:$A$527=$B70)),"""")"),"")
D71: =IF(C71="","",IFERROR(VLOOKUP(C71,'Master Data'!$B$2:$C$527,2,FALSE),"")) | H71: =IFERROR('Master Data'!E98,"") | I71: =IFERROR(__xludf.DUMMYFUNCTION("IFERROR(TRANSPOSE(FILTER('Master Data'!$B$2:$B$527,'Master Data'!$A$2:$A$527=$B71)),"""")"),"")
D72: =IF(C72="","",IFERROR(VLOOKUP(C72,'Master Data'!$B$2:$C$527,2,FALSE),"")) | H72: =IFERROR('Master Data'!E99,"") | I72: =IFERROR(__xludf.DUMMYFUNCTION("IFERROR(TRANSPOSE(FILTER('Master Data'!$B$2:$B$527,'Master Data'!$A$2:$A$527=$B72)),"""")"),"")
D73: =IF(C73="","",IFERROR(VLOOKUP(C73,'Master Data'!$B$2:$C$527,2,FALSE),"")) | H73: =IFERROR('Master Data'!E100,"") | I73: =IFERROR(__xludf.DUMMYFUNCTION("IFERROR(TRANSPOSE(FILTER('Master Data'!$B$2:$B$527,'Master Data'!$A$2:$A$527=$B73)),"""")"),"")
D74: =IF(C74="","",IFERROR(VLOOKUP(C74,'Master Data'!$B$2:$C$527,2,FALSE),"")) | H74: =IFERROR('Master Data'!E101,"") | I74: =IFERROR(__xludf.DUMMYFUNCTION("IFERROR(TRANSPOSE(FILTER('Master Data'!$B$2:$B$527,'Master Data'!$A$2:$A$527=$B74)),"""")"),"")
D75: =IF(C75="","",IFERROR(VLOOKUP(C75,'Master Data'!$B$2:$C$527,2,FALSE),"")) | H75: =IFERROR('Master Data'!E102,"") | I75: =IFERROR(__xludf.DUMMYFUNCTION("IFERROR(TRANSPOSE(FILTER('Master Data'!$B$2:$B$527,'Master Data'!$A$2:$A$527=$B75)),"""")"),"")
D76: =IF(C76="","",IFERROR(VLOOKUP(C76,'Master Data'!$B$2:$C$527,2,FALSE),"")) | H76: =IFERROR('Master Data'!E103,"") | I76: =IFERROR(__xludf.DUMMYFUNCTION("IFERROR(TRANSPOSE(FILTER('Master Data'!$B$2:$B$527,'Master Data'!$A$2:$A$527=$B76)),"""")"),"")
D77: =IF(C77="","",IFERROR(VLOOKUP(C77,'Master Data'!$B$2:$C$527,2,FALSE),"")) | H77: =IFERROR('Master Data'!E104,"") | I77: =IFERROR(__xludf.DUMMYFUNCTION("IFERROR(TRANSPOSE(FILTER('Master Data'!$B$2:$B$527,'Master Data'!$A$2:$A$527=$B77)),"""")"),"")
D78: =IF(C78="","",IFERROR(VLOOKUP(C78,'Master Data'!$B$2:$C$527,2,FALSE),"")) | H78: =IFERROR('Master Data'!E105,"") | I78: =IFERROR(__xludf.DUMMYFUNCTION("IFERROR(TRANSPOSE(FILTER('Master Data'!$B$2:$B$527,'Master Data'!$A$2:$A$527=$B78)),"""")"),"")
D79: =IF(C79="","",IFERROR(VLOOKUP(C79,'Master Data'!$B$2:$C$527,2,FALSE),"")) | H79: =IFERROR('Master Data'!E106,"") | I79: =IFERROR(__xludf.DUMMYFUNCTION("IFERROR(TRANSPOSE(FILTER('Master Data'!$B$2:$B$527,'Master Data'!$A$2:$A$527=$B79)),"""")"),"")
D80: =IF(C80="","",IFERROR(VLOOKUP(C80,'Master Data'!$B$2:$C$527,2,FALSE),"")) | H80: =IFERROR('Master Data'!E107,"") | I80: =IFERROR(__xludf.DUMMYFUNCTION("IFERROR(TRANSPOSE(FILTER('Master Data'!$B$2:$B$527,'Master Data'!$A$2:$A$527=$B80)),"""")"),"")
D81: =IF(C81="","",IFERROR(VLOOKUP(C81,'Master Data'!$B$2:$C$527,2,FALSE),"")) | H81: =IFERROR('Master Data'!E108,"") | I81: =IFERROR(__xludf.DUMMYFUNCTION("IFERROR(TRANSPOSE(FILTER('Master Data'!$B$2:$B$527,'Master Data'!$A$2:$A$527=$B81)),"""")"),"")
D82: =IF(C82="","",IFERROR(VLOOKUP(C82,'Master Data'!$B$2:$C$527,2,FALSE),"")) | H82: =IFERROR('Master Data'!E109,"") | I82: =IFERROR(__xludf.DUMMYFUNCTION("IFERROR(TRANSPOSE(FILTER('Master Data'!$B$2:$B$527,'Master Data'!$A$2:$A$527=$B82)),"""")"),"")
D83: =IF(C83="","",IFERROR(VLOOKUP(C83,'Master Data'!$B$2:$C$527,2,FALSE),"")) | H83: =IFERROR('Master Data'!E110,"") | I83: =IFERROR(__xludf.DUMMYFUNCTION("IFERROR(TRANSPOSE(FILTER('Master Data'!$B$2:$B$527,'Master Data'!$A$2:$A$527=$B83)),"""")"),"")
D84: =IF(C84="","",IFERROR(VLOOKUP(C84,'Master Data'!$B$2:$C$527,2,FALSE),"")) | H84: =IFERROR('Master Data'!E111,"") | I84: =IFERROR(__xludf.DUMMYFUNCTION("IFERROR(TRANSPOSE(FILTER('Master Data'!$B$2:$B$527,'Master Data'!$A$2:$A$527=$B84)),"""")"),"")
D85: =IF(C85="","",IFERROR(VLOOKUP(C85,'Master Data'!$B$2:$C$527,2,FALSE),"")) | H85: =IFERROR('Master Data'!E112,"") | I85: =IFERROR(__xludf.DUMMYFUNCTION("IFERROR(TRANSPOSE(FILTER('Master Data'!$B$2:$B$527,'Master Data'!$A$2:$A$527=$B85)),"""")"),"")
D86: =IF(C86="","",IFERROR(VLOOKUP(C86,'Master Data'!$B$2:$C$527,2,FALSE),"")) | H86: =IFERROR('Master Data'!E113,"") | I86: =IFERROR(__xludf.DUMMYFUNCTION("IFERROR(TRANSPOSE(FILTER('Master Data'!$B$2:$B$527,'Master Data'!$A$2:$A$527=$B86)),"""")"),"")
D87: =IF(C87="","",IFERROR(VLOOKUP(C87,'Master Data'!$B$2:$C$527,2,FALSE),"")) | H87: =IFERROR('Master Data'!E114,"") | I87: =IFERROR(__xludf.DUMMYFUNCTION("IFERROR(TRANSPOSE(FILTER('Master Data'!$B$2:$B$527,'Master Data'!$A$2:$A$527=$B87)),"""")"),"")
D88: =IF(C88="","",IFERROR(VLOOKUP(C88,'Master Data'!$B$2:$C$527,2,FALSE),"")) | H88: =IFERROR('Master Data'!E115,"") | I88: =IFERROR(__xludf.DUMMYFUNCTION("IFERROR(TRANSPOSE(FILTER('Master Data'!$B$2:$B$527,'Master Data'!$A$2:$A$527=$B88)),"""")"),"")
D89: =IF(C89="","",IFERROR(VLOOKUP(C89,'Master Data'!$B$2:$C$527,2,FALSE),"")) | H89: =IFERROR('Master Data'!E116,"") | I89: =IFERROR(__xludf.DUMMYFUNCTION("IFERROR(TRANSPOSE(FILTER('Master Data'!$B$2:$B$527,'Master Data'!$A$2:$A$527=$B89)),"""")"),"")
D90: =IF(C90="","",IFERROR(VLOOKUP(C90,'Master Data'!$B$2:$C$527,2,FALSE),"")) | H90: =IFERROR('Master Data'!E117,"") | I90: =IFERROR(__xludf.DUMMYFUNCTION("IFERROR(TRANSPOSE(FILTER('Master Data'!$B$2:$B$527,'Master Data'!$A$2:$A$527=$B90)),"""")"),"")
D91: =IF(C91="","",IFERROR(VLOOKUP(C91,'Master Data'!$B$2:$C$527,2,FALSE),"")) | H91: =IFERROR('Master Data'!E118,"") | I91: =IFERROR(__xludf.DUMMYFUNCTION("IFERROR(TRANSPOSE(FILTER('Master Data'!$B$2:$B$527,'Master Data'!$A$2:$A$527=$B91)),"""")"),"")
D92: =IF(C92="","",IFERROR(VLOOKUP(C92,'Master Data'!$B$2:$C$527,2,FALSE),"")) | H92: =IFERROR('Master Data'!E119,"") | I92: =IFERROR(__xludf.DUMMYFUNCTION("IFERROR(TRANSPOSE(FILTER('Master Data'!$B$2:$B$527,'Master Data'!$A$2:$A$527=$B92)),"""")"),"")
D93: =IF(C93="","",IFERROR(VLOOKUP(C93,'Master Data'!$B$2:$C$527,2,FALSE),"")) | H93: =IFERROR('Master Data'!E120,"") | I93: =IFERROR(__xludf.DUMMYFUNCTION("IFERROR(TRANSPOSE(FILTER('Master Data'!$B$2:$B$527,'Master Data'!$A$2:$A$527=$B93)),"""")"),"")
D94: =IF(C94="","",IFERROR(VLOOKUP(C94,'Master Data'!$B$2:$C$527,2,FALSE),"")) | H94: =IFERROR('Master Data'!E121,"") | I94: =IFERROR(__xludf.DUMMYFUNCTION("IFERROR(TRANSPOSE(FILTER('Master Data'!$B$2:$B$527,'Master Data'!$A$2:$A$527=$B94)),"""")"),"")
D95: =IF(C95="","",IFERROR(VLOOKUP(C95,'Master Data'!$B$2:$C$527,2,FALSE),"")) | H95: =IFERROR('Master Data'!E122,"") | I95: =IFERROR(__xludf.DUMMYFUNCTION("IFERROR(TRANSPOSE(FILTER('Master Data'!$B$2:$B$527,'Master Data'!$A$2:$A$527=$B95)),"""")"),"")
D96: =IF(C96="","",IFERROR(VLOOKUP(C96,'Master Data'!$B$2:$C$527,2,FALSE),"")) | H96: =IFERROR('Master Data'!E123,"") | I96: =IFERROR(__xludf.DUMMYFUNCTION("IFERROR(TRANSPOSE(FILTER('Master Data'!$B$2:$B$527,'Master Data'!$A$2:$A$527=$B96)),"""")"),"")
D97: =IF(C97="","",IFERROR(VLOOKUP(C97,'Master Data'!$B$2:$C$527,2,FALSE),"")) | H97: =IFERROR('Master Data'!E124,"") | I97: =IFERROR(__xludf.DUMMYFUNCTION("IFERROR(TRANSPOSE(FILTER('Master Data'!$B$2:$B$527,'Master Data'!$A$2:$A$527=$B97)),"""")"),"")
D98: =IF(C98="","",IFERROR(VLOOKUP(C98,'Master Data'!$B$2:$C$527,2,FALSE),"")) | H98: =IFERROR('Master Data'!E125,"") | I98: =IFERROR(__xludf.DUMMYFUNCTION("IFERROR(TRANSPOSE(FILTER('Master Data'!$B$2:$B$527,'Master Data'!$A$2:$A$527=$B98)),"""")"),"")
D99: =IF(C99="","",IFERROR(VLOOKUP(C99,'Master Data'!$B$2:$C$527,2,FALSE),"")) | H99: =IFERROR('Master Data'!E126,"") | I99: =IFERROR(__xludf.DUMMYFUNCTION("IFERROR(TRANSPOSE(FILTER('Master Data'!$B$2:$B$527,'Master Data'!$A$2:$A$527=$B99)),"""")"),"")
D100: =IF(C100="","",IFERROR(VLOOKUP(C100,'Master Data'!$B$2:$C$527,2,FALSE),"")) | H100: =IFERROR('Master Data'!E127,"") | I100: =IFERROR(__xludf.DUMMYFUNCTION("IFERROR(TRANSPOSE(FILTER('Master Data'!$B$2:$B$527,'Master Data'!$A$2:$A$527=$B100)),"""")"),"")
...

Sheet 2 April 2026
H1: Helper Kategori | I1: Helper Pilihan Bahan
A2: SATUAN PELAYANAN PEMENUHAN GIZI (SPPG) BATTU WINANGUN NOTA PEMESANAN BAHAN MAKANAN | H2: =IFERROR('Master Data'!E2,"") -> Karbohidrat
H3: =IFERROR('Master Data'!E3,"") -> Protein Hewani
H4: =IFERROR('Master Data'!E4,"") -> Protein Nabati
H5: =IFERROR('Master Data'!E5,"") -> Sayur
H6: =IFERROR('Master Data'!E6,"") -> Buah
A7: Tanggal | B7: Kategori Makanan | C7: Bahan Makanan | D7: Satuan | E7: Jumlah | H7: =IFERROR('Master Data'!E7,"") -> Bumbu Masak Sayur
A8: 46114 | B8: Karbohidrat | C8: Beras | D8: =IF(C8="","",IFERROR(VLOOKUP(C8,'Master Data'!$B$2:$C$527,2,FALSE),"")) -> Kg | E8: 267 | H8: =IFERROR('Master Data'!E8,"") -> Bumbu Masak Sembako | I8: =IFERROR(__xludf.DUMMYFUNCTION("IFERROR(TRANSPOSE(FILTER('Master Data'!$B$2:$B$527,'Master Data'!$A$2:$A$527=$B8)),"""")"),"Beras") -> Beras | J8: =IFERROR(__xludf.DUMMYFUNCTION("""COMPUTED_VALUE"""),"Mie") -> Mie | K8: =IFERROR(__xludf.DUMMYFUNCTION("""COMPUTED_VALUE"""),"Kentang") -> Kentang | L8: =IFERROR(__xludf.DUMMYFUNCTION("""COMPUTED_VALUE"""),"Jagung") -> Jagung | M8: =IFERROR(__xludf.DUMMYFUNCTION("""COMPUTED_VALUE"""),"Roti") -> Roti | N8: =IFERROR(__xludf.DUMMYFUNCTION("""COMPUTED_VALUE"""),"Singkong") -> Singkong | O8: =IFERROR(__xludf.DUMMYFUNCTION("""COMPUTED_VALUE"""),"Ubi") -> Ubi | P8: =IFERROR(__xludf.DUMMYFUNCTION("""COMPUTED_VALUE"""),"Makaroni") -> Makaroni
A9: 46114 | B9: Protein Hewani | C9: Telur | D9: =IF(C9="","",IFERROR(VLOOKUP(C9,'Master Data'!$B$2:$C$527,2,FALSE),"")) -> Kg | E9: 252 | H9: =IFERROR('Master Data'!E9,"") -> Isi Ulang | I9: =IFERROR(__xludf.DUMMYFUNCTION("IFERROR(TRANSPOSE(FILTER('Master Data'!$B$2:$B$527,'Master Data'!$A$2:$A$527=$B9)),"""")"),"Daging Ayam Fillet") -> Daging Ayam Fillet | J9: =IFERROR(__xludf.DUMMYFUNCTION("""COMPUTED_VALUE"""),"Daging Ayam Tulang (Potong)") -> Daging Ayam Tulang (Potong) | K9: =IFERROR(__xludf.DUMMYFUNCTION("""COMPUTED_VALUE"""),"Ikan Patin Fillet") -> Ikan Patin Fillet | L9: =IFERROR(__xludf.DUMMYFUNCTION("""COMPUTED_VALUE"""),"Telur") -> Telur | M9: =IFERROR(__xludf.DUMMYFUNCTION("""COMPUTED_VALUE"""),"Ikan giling") -> Ikan giling | N9: =IFERROR(__xludf.DUMMYFUNCTION("""COMPUTED_VALUE"""),"Ayam Giling") -> Ayam Giling | O9: =IFERROR(__xludf.DUMMYFUNCTION("""COMPUTED_VALUE"""),"Daging Sapi") -> Daging Sapi | P9: =IFERROR(__xludf.DUMMYFUNCTION("""COMPUTED_VALUE"""),"Udang") -> Udang | Q9: =IFERROR(__xludf.DUMMYFUNCTION("""COMPUTED_VALUE"""),"Susu UHT") -> Susu UHT
A10: 46114 | B10: Protein Nabati | C10: Tahu | D10: =IF(C10="","",IFERROR(VLOOKUP(C10,'Master Data'!$B$2:$C$527,2,FALSE),"")) -> Pcs | E10: 3307 | H10: =IFERROR('Master Data'!E10,"") -> Packaging | I10: =IFERROR(__xludf.DUMMYFUNCTION("IFERROR(TRANSPOSE(FILTER('Master Data'!$B$2:$B$527,'Master Data'!$A$2:$A$527=$B10)),"""")"),"Tempe") -> Tempe | J10: =IFERROR(__xludf.DUMMYFUNCTION("""COMPUTED_VALUE"""),"Tahu") -> Tahu | K10: =IFERROR(__xludf.DUMMYFUNCTION("""COMPUTED_VALUE"""),"Kacang Hijau") -> Kacang Hijau | L10: =IFERROR(__xludf.DUMMYFUNCTION("""COMPUTED_VALUE"""),"Kacang Tanah") -> Kacang Tanah | M10: =IFERROR(__xludf.DUMMYFUNCTION("""COMPUTED_VALUE"""),"Kedelai") -> Kedelai | N10: =IFERROR(__xludf.DUMMYFUNCTION("""COMPUTED_VALUE"""),"Oncom") -> Oncom
A11: 46114 | B11: Sayur | C11: Kacang Panjang | D11: =IF(C11="","",IFERROR(VLOOKUP(C11,'Master Data'!$B$2:$C$527,2,FALSE),"")) -> Kg | E11: 105 | H11: =IFERROR('Master Data'!E12,"") | I11: =IFERROR(__xludf.DUMMYFUNCTION("IFERROR(TRANSPOSE(FILTER('Master Data'!$B$2:$B$527,'Master Data'!$A$2:$A$527=$B11)),"""")"),"Wortel") -> Wortel | J11: =IFERROR(__xludf.DUMMYFUNCTION("""COMPUTED_VALUE"""),"Kacang Panjang") -> Kacang Panjang | K11: =IFERROR(__xludf.DUMMYFUNCTION("""COMPUTED_VALUE"""),"Tauge") -> Tauge | L11: =IFERROR(__xludf.DUMMYFUNCTION("""COMPUTED_VALUE"""),"Kubis") -> Kubis | M11: =IFERROR(__xludf.DUMMYFUNCTION("""COMPUTED_VALUE"""),"Buncis") -> Buncis | N11: =IFERROR(__xludf.DUMMYFUNCTION("""COMPUTED_VALUE"""),"Kembang Kol") -> Kembang Kol | O11: =IFERROR(__xludf.DUMMYFUNCTION("""COMPUTED_VALUE"""),"Sawi Putih") -> Sawi Putih | P11: =IFERROR(__xludf.DUMMYFUNCTION("""COMPUTED_VALUE"""),"Caisin") -> Caisin | Q11: =IFERROR(__xludf.DUMMYFUNCTION("""COMPUTED_VALUE"""),"Timun") -> Timun | R11: =IFERROR(__xludf.DUMMYFUNCTION("""COMPUTED_VALUE"""),"Daun Bawang") -> Daun Bawang | S11: =IFERROR(__xludf.DUMMYFUNCTION("""COMPUTED_VALUE"""),"Labu Siam") -> Labu Siam | T11: =IFERROR(__xludf.DUMMYFUNCTION("""COMPUTED_VALUE"""),"Tomat") -> Tomat | U11: =IFERROR(__xludf.DUMMYFUNCTION("""COMPUTED_VALUE"""),"Kemangi") -> Kemangi | V11: =IFERROR(__xludf.DUMMYFUNCTION("""COMPUTED_VALUE"""),"Jagung ") -> Jagung
A12: 46114 | B12: Sayur | C12: Kubis | D12: =IF(C12="","",IFERROR(VLOOKUP(C12,'Master Data'!$B$2:$C$527,2,FALSE),"")) -> Kg | E12: 75 | H12: =IFERROR('Master Data'!E14,"") | I12: =IFERROR(__xludf.DUMMYFUNCTION("IFERROR(TRANSPOSE(FILTER('Master Data'!$B$2:$B$527,'Master Data'!$A$2:$A$527=$B12)),"""")"),"Wortel") -> Wortel | J12: =IFERROR(__xludf.DUMMYFUNCTION("""COMPUTED_VALUE"""),"Kacang Panjang") -> Kacang Panjang | K12: =IFERROR(__xludf.DUMMYFUNCTION("""COMPUTED_VALUE"""),"Tauge") -> Tauge | L12: =IFERROR(__xludf.DUMMYFUNCTION("""COMPUTED_VALUE"""),"Kubis") -> Kubis | M12: =IFERROR(__xludf.DUMMYFUNCTION("""COMPUTED_VALUE"""),"Buncis") -> Buncis | N12: =IFERROR(__xludf.DUMMYFUNCTION("""COMPUTED_VALUE"""),"Kembang Kol") -> Kembang Kol | O12: =IFERROR(__xludf.DUMMYFUNCTION("""COMPUTED_VALUE"""),"Sawi Putih") -> Sawi Putih | P12: =IFERROR(__xludf.DUMMYFUNCTION("""COMPUTED_VALUE"""),"Caisin") -> Caisin | Q12: =IFERROR(__xludf.DUMMYFUNCTION("""COMPUTED_VALUE"""),"Timun") -> Timun | R12: =IFERROR(__xludf.DUMMYFUNCTION("""COMPUTED_VALUE"""),"Daun Bawang") -> Daun Bawang | S12: =IFERROR(__xludf.DUMMYFUNCTION("""COMPUTED_VALUE"""),"Labu Siam") -> Labu Siam | T12: =IFERROR(__xludf.DUMMYFUNCTION("""COMPUTED_VALUE"""),"Tomat") -> Tomat | U12: =IFERROR(__xludf.DUMMYFUNCTION("""COMPUTED_VALUE"""),"Kemangi") -> Kemangi | V12: =IFERROR(__xludf.DUMMYFUNCTION("""COMPUTED_VALUE"""),"Jagung ") -> Jagung
A13: 46114 | B13: Sayur | C13: Tauge | D13: =IF(C13="","",IFERROR(VLOOKUP(C13,'Master Data'!$B$2:$C$527,2,FALSE),"")) -> Kg | E13: 3 | H13: =IFERROR('Master Data'!E17,"") | I13: =IFERROR(__xludf.DUMMYFUNCTION("IFERROR(TRANSPOSE(FILTER('Master Data'!$B$2:$B$527,'Master Data'!$A$2:$A$527=$B13)),"""")"),"Wortel") -> Wortel | J13: =IFERROR(__xludf.DUMMYFUNCTION("""COMPUTED_VALUE"""),"Kacang Panjang") -> Kacang Panjang | K13: =IFERROR(__xludf.DUMMYFUNCTION("""COMPUTED_VALUE"""),"Tauge") -> Tauge | L13: =IFERROR(__xludf.DUMMYFUNCTION("""COMPUTED_VALUE"""),"Kubis") -> Kubis | M13: =IFERROR(__xludf.DUMMYFUNCTION("""COMPUTED_VALUE"""),"Buncis") -> Buncis | N13: =IFERROR(__xludf.DUMMYFUNCTION("""COMPUTED_VALUE"""),"Kembang Kol") -> Kembang Kol | O13: =IFERROR(__xludf.DUMMYFUNCTION("""COMPUTED_VALUE"""),"Sawi Putih") -> Sawi Putih | P13: =IFERROR(__xludf.DUMMYFUNCTION("""COMPUTED_VALUE"""),"Caisin") -> Caisin | Q13: =IFERROR(__xludf.DUMMYFUNCTION("""COMPUTED_VALUE"""),"Timun") -> Timun | R13: =IFERROR(__xludf.DUMMYFUNCTION("""COMPUTED_VALUE"""),"Daun Bawang") -> Daun Bawang | S13: =IFERROR(__xludf.DUMMYFUNCTION("""COMPUTED_VALUE"""),"Labu Siam") -> Labu Siam | T13: =IFERROR(__xludf.DUMMYFUNCTION("""COMPUTED_VALUE"""),"Tomat") -> Tomat | U13: =IFERROR(__xludf.DUMMYFUNCTION("""COMPUTED_VALUE"""),"Kemangi") -> Kemangi | V13: =IFERROR(__xludf.DUMMYFUNCTION("""COMPUTED_VALUE"""),"Jagung ") -> Jagung
A14: 46114 | B14: Bumbu Masak Sayur | C14: Kelapa Parut | D14: =IF(C14="","",IFERROR(VLOOKUP(C14,'Master Data'!$B$2:$C$527,2,FALSE),"")) -> Kg | E14: 36 | H14: =IFERROR('Master Data'!E18,"") | I14: =IFERROR(__xludf.DUMMYFUNCTION("IFERROR(TRANSPOSE(FILTER('Master Data'!$B$2:$B$527,'Master Data'!$A$2:$A$527=$B14)),"""")"),"Bawang Merah") -> Bawang Merah | J14: =IFERROR(__xludf.DUMMYFUNCTION("""COMPUTED_VALUE"""),"Bawang Putih") -> Bawang Putih | K14: =IFERROR(__xludf.DUMMYFUNCTION("""COMPUTED_VALUE"""),"Laos") -> Laos | L14: =IFERROR(__xludf.DUMMYFUNCTION("""COMPUTED_VALUE"""),"Serai") -> Serai | M14: =IFERROR(__xludf.DUMMYFUNCTION("""COMPUTED_VALUE"""),"Cabe Merah") -> Cabe Merah | N14: =IFERROR(__xludf.DUMMYFUNCTION("""COMPUTED_VALUE"""),"Bawang Bombay") -> Bawang Bombay | O14: =IFERROR(__xludf.DUMMYFUNCTION("""COMPUTED_VALUE"""),"Ketumbar") -> Ketumbar | P14: =IFERROR(__xludf.DUMMYFUNCTION("""COMPUTED_VALUE"""),"Kencur") -> Kencur | Q14: =IFERROR(__xludf.DUMMYFUNCTION("""COMPUTED_VALUE"""),"Kunyit") -> Kunyit | R14: =IFERROR(__xludf.DUMMYFUNCTION("""COMPUTED_VALUE"""),"Jahe") -> Jahe | S14: =IFERROR(__xludf.DUMMYFUNCTION("""COMPUTED_VALUE"""),"Kelapa Parut") -> Kelapa Parut | T14: =IFERROR(__xludf.DUMMYFUNCTION("""COMPUTED_VALUE"""),"Cabe Ijo") -> Cabe Ijo
A15: 46114 | B15: Bumbu Masak Sayur | C15: Bawang Merah | D15: =IF(C15="","",IFERROR(VLOOKUP(C15,'Master Data'!$B$2:$C$527,2,FALSE),"")) -> Kg | E15: 6 | H15: =IFERROR('Master Data'!E19,"") | I15: =IFERROR(__xludf.DUMMYFUNCTION("IFERROR(TRANSPOSE(FILTER('Master Data'!$B$2:$B$527,'Master Data'!$A$2:$A$527=$B15)),"""")"),"Bawang Merah") -> Bawang Merah | J15: =IFERROR(__xludf.DUMMYFUNCTION("""COMPUTED_VALUE"""),"Bawang Putih") -> Bawang Putih | K15: =IFERROR(__xludf.DUMMYFUNCTION("""COMPUTED_VALUE"""),"Laos") -> Laos | L15: =IFERROR(__xludf.DUMMYFUNCTION("""COMPUTED_VALUE"""),"Serai") -> Serai | M15: =IFERROR(__xludf.DUMMYFUNCTION("""COMPUTED_VALUE"""),"Cabe Merah") -> Cabe Merah | N15: =IFERROR(__xludf.DUMMYFUNCTION("""COMPUTED_VALUE"""),"Bawang Bombay") -> Bawang Bombay | O15: =IFERROR(__xludf.DUMMYFUNCTION("""COMPUTED_VALUE"""),"Ketumbar") -> Ketumbar | P15: =IFERROR(__xludf.DUMMYFUNCTION("""COMPUTED_VALUE"""),"Kencur") -> Kencur | Q15: =IFERROR(__xludf.DUMMYFUNCTION("""COMPUTED_VALUE"""),"Kunyit") -> Kunyit | R15: =IFERROR(__xludf.DUMMYFUNCTION("""COMPUTED_VALUE"""),"Jahe") -> Jahe | S15: =IFERROR(__xludf.DUMMYFUNCTION("""COMPUTED_VALUE"""),"Kelapa Parut") -> Kelapa Parut | T15: =IFERROR(__xludf.DUMMYFUNCTION("""COMPUTED_VALUE"""),"Cabe Ijo") -> Cabe Ijo
A16: 46114 | B16: Bumbu Masak Sayur | C16: Bawang Putih | D16: =IF(C16="","",IFERROR(VLOOKUP(C16,'Master Data'!$B$2:$C$527,2,FALSE),"")) -> Kg | E16: 6 | H16: =IFERROR('Master Data'!E21,"") | I16: =IFERROR(__xludf.DUMMYFUNCTION("IFERROR(TRANSPOSE(FILTER('Master Data'!$B$2:$B$527,'Master Data'!$A$2:$A$527=$B16)),"""")"),"Bawang Merah") -> Bawang Merah | J16: =IFERROR(__xludf.DUMMYFUNCTION("""COMPUTED_VALUE"""),"Bawang Putih") -> Bawang Putih | K16: =IFERROR(__xludf.DUMMYFUNCTION("""COMPUTED_VALUE"""),"Laos") -> Laos | L16: =IFERROR(__xludf.DUMMYFUNCTION("""COMPUTED_VALUE"""),"Serai") -> Serai | M16: =IFERROR(__xludf.DUMMYFUNCTION("""COMPUTED_VALUE"""),"Cabe Merah") -> Cabe Merah | N16: =IFERROR(__xludf.DUMMYFUNCTION("""COMPUTED_VALUE"""),"Bawang Bombay") -> Bawang Bombay | O16: =IFERROR(__xludf.DUMMYFUNCTION("""COMPUTED_VALUE"""),"Ketumbar") -> Ketumbar | P16: =IFERROR(__xludf.DUMMYFUNCTION("""COMPUTED_VALUE"""),"Kencur") -> Kencur | Q16: =IFERROR(__xludf.DUMMYFUNCTION("""COMPUTED_VALUE"""),"Kunyit") -> Kunyit | R16: =IFERROR(__xludf.DUMMYFUNCTION("""COMPUTED_VALUE"""),"Jahe") -> Jahe | S16: =IFERROR(__xludf.DUMMYFUNCTION("""COMPUTED_VALUE"""),"Kelapa Parut") -> Kelapa Parut | T16: =IFERROR(__xludf.DUMMYFUNCTION("""COMPUTED_VALUE"""),"Cabe Ijo") -> Cabe Ijo
A17: 46114 | B17: Bumbu Masak Sayur | C17: Cabe Merah | D17: =IF(C17="","",IFERROR(VLOOKUP(C17,'Master Data'!$B$2:$C$527,2,FALSE),"")) -> Kg | E17: 3 | H17: =IFERROR('Master Data'!E22,"") | I17: =IFERROR(__xludf.DUMMYFUNCTION("IFERROR(TRANSPOSE(FILTER('Master Data'!$B$2:$B$527,'Master Data'!$A$2:$A$527=$B17)),"""")"),"Bawang Merah") -> Bawang Merah | J17: =IFERROR(__xludf.DUMMYFUNCTION("""COMPUTED_VALUE"""),"Bawang Putih") -> Bawang Putih | K17: =IFERROR(__xludf.DUMMYFUNCTION("""COMPUTED_VALUE"""),"Laos") -> Laos | L17: =IFERROR(__xludf.DUMMYFUNCTION("""COMPUTED_VALUE"""),"Serai") -> Serai | M17: =IFERROR(__xludf.DUMMYFUNCTION("""COMPUTED_VALUE"""),"Cabe Merah") -> Cabe Merah | N17: =IFERROR(__xludf.DUMMYFUNCTION("""COMPUTED_VALUE"""),"Bawang Bombay") -> Bawang Bombay | O17: =IFERROR(__xludf.DUMMYFUNCTION("""COMPUTED_VALUE"""),"Ketumbar") -> Ketumbar | P17: =IFERROR(__xludf.DUMMYFUNCTION("""COMPUTED_VALUE"""),"Kencur") -> Kencur | Q17: =IFERROR(__xludf.DUMMYFUNCTION("""COMPUTED_VALUE"""),"Kunyit") -> Kunyit | R17: =IFERROR(__xludf.DUMMYFUNCTION("""COMPUTED_VALUE"""),"Jahe") -> Jahe | S17: =IFERROR(__xludf.DUMMYFUNCTION("""COMPUTED_VALUE"""),"Kelapa Parut") -> Kelapa Parut | T17: =IFERROR(__xludf.DUMMYFUNCTION("""COMPUTED_VALUE"""),"Cabe Ijo") -> Cabe Ijo
A18: 46114 | B18: Bumbu Masak Sayur | C18: Kencur | D18: =IF(C18="","",IFERROR(VLOOKUP(C18,'Master Data'!$B$2:$C$527,2,FALSE),"")) -> Kg | E18: 3 | H18: =IFERROR('Master Data'!E23,"") | I18: =IFERROR(__xludf.DUMMYFUNCTION("IFERROR(TRANSPOSE(FILTER('Master Data'!$B$2:$B$527,'Master Data'!$A$2:$A$527=$B18)),"""")"),"Bawang Merah") -> Bawang Merah | J18: =IFERROR(__xludf.DUMMYFUNCTION("""COMPUTED_VALUE"""),"Bawang Putih") -> Bawang Putih | K18: =IFERROR(__xludf.DUMMYFUNCTION("""COMPUTED_VALUE"""),"Laos") -> Laos | L18: =IFERROR(__xludf.DUMMYFUNCTION("""COMPUTED_VALUE"""),"Serai") -> Serai | M18: =IFERROR(__xludf.DUMMYFUNCTION("""COMPUTED_VALUE"""),"Cabe Merah") -> Cabe Merah | N18: =IFERROR(__xludf.DUMMYFUNCTION("""COMPUTED_VALUE"""),"Bawang Bombay") -> Bawang Bombay | O18: =IFERROR(__xludf.DUMMYFUNCTION("""COMPUTED_VALUE"""),"Ketumbar") -> Ketumbar | P18: =IFERROR(__xludf.DUMMYFUNCTION("""COMPUTED_VALUE"""),"Kencur") -> Kencur | Q18: =IFERROR(__xludf.DUMMYFUNCTION("""COMPUTED_VALUE"""),"Kunyit") -> Kunyit | R18: =IFERROR(__xludf.DUMMYFUNCTION("""COMPUTED_VALUE"""),"Jahe") -> Jahe | S18: =IFERROR(__xludf.DUMMYFUNCTION("""COMPUTED_VALUE"""),"Kelapa Parut") -> Kelapa Parut | T18: =IFERROR(__xludf.DUMMYFUNCTION("""COMPUTED_VALUE"""),"Cabe Ijo") -> Cabe Ijo
A19: 46114 | B19: Bumbu Masak Sayur | C19: Kunyit | D19: =IF(C19="","",IFERROR(VLOOKUP(C19,'Master Data'!$B$2:$C$527,2,FALSE),"")) -> Kg | E19: 2 | H19: =IFERROR('Master Data'!E25,"") | I19: =IFERROR(__xludf.DUMMYFUNCTION("IFERROR(TRANSPOSE(FILTER('Master Data'!$B$2:$B$527,'Master Data'!$A$2:$A$527=$B19)),"""")"),"Bawang Merah") -> Bawang Merah | J19: =IFERROR(__xludf.DUMMYFUNCTION("""COMPUTED_VALUE"""),"Bawang Putih") -> Bawang Putih | K19: =IFERROR(__xludf.DUMMYFUNCTION("""COMPUTED_VALUE"""),"Laos") -> Laos | L19: =IFERROR(__xludf.DUMMYFUNCTION("""COMPUTED_VALUE"""),"Serai") -> Serai | M19: =IFERROR(__xludf.DUMMYFUNCTION("""COMPUTED_VALUE"""),"Cabe Merah") -> Cabe Merah | N19: =IFERROR(__xludf.DUMMYFUNCTION("""COMPUTED_VALUE"""),"Bawang Bombay") -> Bawang Bombay | O19: =IFERROR(__xludf.DUMMYFUNCTION("""COMPUTED_VALUE"""),"Ketumbar") -> Ketumbar | P19: =IFERROR(__xludf.DUMMYFUNCTION("""COMPUTED_VALUE"""),"Kencur") -> Kencur | Q19: =IFERROR(__xludf.DUMMYFUNCTION("""COMPUTED_VALUE"""),"Kunyit") -> Kunyit | R19: =IFERROR(__xludf.DUMMYFUNCTION("""COMPUTED_VALUE"""),"Jahe") -> Jahe | S19: =IFERROR(__xludf.DUMMYFUNCTION("""COMPUTED_VALUE"""),"Kelapa Parut") -> Kelapa Parut | T19: =IFERROR(__xludf.DUMMYFUNCTION("""COMPUTED_VALUE"""),"Cabe Ijo") -> Cabe Ijo
A20: 46114 | B20: Protein Hewani | C20: Daging Ayam Tulang (Potong) | D20: =IF(C20="","",IFERROR(VLOOKUP(C20,'Master Data'!$B$2:$C$527,2,FALSE),"")) -> Kg | E20: 3 | H20: =IFERROR('Master Data'!E26,"") | I20: =IFERROR(__xludf.DUMMYFUNCTION("IFERROR(TRANSPOSE(FILTER('Master Data'!$B$2:$B$527,'Master Data'!$A$2:$A$527=$B20)),"""")"),"Daging Ayam Fillet") -> Daging Ayam Fillet | J20: =IFERROR(__xludf.DUMMYFUNCTION("""COMPUTED_VALUE"""),"Daging Ayam Tulang (Potong)") -> Daging Ayam Tulang (Potong) | K20: =IFERROR(__xludf.DUMMYFUNCTION("""COMPUTED_VALUE"""),"Ikan Patin Fillet") -> Ikan Patin Fillet | L20: =IFERROR(__xludf.DUMMYFUNCTION("""COMPUTED_VALUE"""),"Telur") -> Telur | M20: =IFERROR(__xludf.DUMMYFUNCTION("""COMPUTED_VALUE"""),"Ikan giling") -> Ikan giling | N20: =IFERROR(__xludf.DUMMYFUNCTION("""COMPUTED_VALUE"""),"Ayam Giling") -> Ayam Giling | O20: =IFERROR(__xludf.DUMMYFUNCTION("""COMPUTED_VALUE"""),"Daging Sapi") -> Daging Sapi | P20: =IFERROR(__xludf.DUMMYFUNCTION("""COMPUTED_VALUE"""),"Udang") -> Udang | Q20: =IFERROR(__xludf.DUMMYFUNCTION("""COMPUTED_VALUE"""),"Susu UHT") -> Susu UHT
A21: 46114 | B21: Buah | C21: Buah Naga | D21: =IF(C21="","",IFERROR(VLOOKUP(C21,'Master Data'!$B$2:$C$527,2,FALSE),"")) -> Kg | E21: 506 | H21: =IFERROR('Master Data'!E27,"") | I21: =IFERROR(__xludf.DUMMYFUNCTION("IFERROR(TRANSPOSE(FILTER('Master Data'!$B$2:$B$527,'Master Data'!$A$2:$A$527=$B21)),"""")"),"Melon") -> Melon | J21: =IFERROR(__xludf.DUMMYFUNCTION("""COMPUTED_VALUE"""),"Semangka") -> Semangka | K21: =IFERROR(__xludf.DUMMYFUNCTION("""COMPUTED_VALUE"""),"Jeruk") -> Jeruk | L21: =IFERROR(__xludf.DUMMYFUNCTION("""COMPUTED_VALUE"""),"Pisang") -> Pisang | M21: =IFERROR(__xludf.DUMMYFUNCTION("""COMPUTED_VALUE"""),"Buah Naga") -> Buah Naga | N21: =IFERROR(__xludf.DUMMYFUNCTION("""COMPUTED_VALUE"""),"Salak") -> Salak | O21: =IFERROR(__xludf.DUMMYFUNCTION("""COMPUTED_VALUE"""),"Apel") -> Apel
A22: 46114 | B22: Bumbu Masak Sembako | C22: Gula Putih | D22: =IF(C22="","",IFERROR(VLOOKUP(C22,'Master Data'!$B$2:$C$527,2,FALSE),"")) -> Kg | E22: 3 | H22: =IFERROR('Master Data'!E28,"") | I22: =IFERROR(__xludf.DUMMYFUNCTION("IFERROR(TRANSPOSE(FILTER('Master Data'!$B$2:$B$527,'Master Data'!$A$2:$A$527=$B22)),"""")"),"Tepung Terigu") -> Tepung Terigu | J22: =IFERROR(__xludf.DUMMYFUNCTION("""COMPUTED_VALUE"""),"Tepung Tapioka") -> Tepung Tapioka | K22: =IFERROR(__xludf.DUMMYFUNCTION("""COMPUTED_VALUE"""),"Sajiku") -> Sajiku | L22: =IFERROR(__xludf.DUMMYFUNCTION("""COMPUTED_VALUE"""),"Lada") -> Lada | M22: =IFERROR(__xludf.DUMMYFUNCTION("""COMPUTED_VALUE"""),"Minyak Goreng") -> Minyak Goreng | N22: =IFERROR(__xludf.DUMMYFUNCTION("""COMPUTED_VALUE"""),"Maizena") -> Maizena | O22: =IFERROR(__xludf.DUMMYFUNCTION("""COMPUTED_VALUE"""),"Saori") -> Saori | P22: =IFERROR(__xludf.DUMMYFUNCTION("""COMPUTED_VALUE"""),"Tepung Beras") -> Tepung Beras | Q22: =IFERROR(__xludf.DUMMYFUNCTION("""COMPUTED_VALUE"""),"Garam Kasar") -> Garam Kasar | R22: =IFERROR(__xludf.DUMMYFUNCTION("""COMPUTED_VALUE"""),"Garam Halus") -> Garam Halus | S22: =IFERROR(__xludf.DUMMYFUNCTION("""COMPUTED_VALUE"""),"Gula Putih") -> Gula Putih | T22: =IFERROR(__xludf.DUMMYFUNCTION("""COMPUTED_VALUE"""),"Gula Merah") -> Gula Merah | U22: =IFERROR(__xludf.DUMMYFUNCTION("""COMPUTED_VALUE"""),"Kecap") -> Kecap | V22: =IFERROR(__xludf.DUMMYFUNCTION("""COMPUTED_VALUE"""),"Keju") -> Keju | W22: =IFERROR(__xludf.DUMMYFUNCTION("""COMPUTED_VALUE"""),"Bumbu Marinasi") -> Bumbu Marinasi | X22: =IFERROR(__xludf.DUMMYFUNCTION("""COMPUTED_VALUE"""),"Saos Tomat") -> Saos Tomat | Y22: =IFERROR(__xludf.DUMMYFUNCTION("""COMPUTED_VALUE"""),"Tepung Panir") -> Tepung Panir | Z22: =IFERROR(__xludf.DUMMYFUNCTION("""COMPUTED_VALUE"""),"Asem Jawa") -> Asem Jawa
A23: 46114 | B23: Bumbu Masak Sembako | C23: Kecap | D23: =IF(C23="","",IFERROR(VLOOKUP(C23,'Master Data'!$B$2:$C$527,2,FALSE),"")) -> Pcs | E23: 4 | H23: =IFERROR('Master Data'!E29,"") | I23: =IFERROR(__xludf.DUMMYFUNCTION("IFERROR(TRANSPOSE(FILTER('Master Data'!$B$2:$B$527,'Master Data'!$A$2:$A$527=$B23)),"""")"),"Tepung Terigu") -> Tepung Terigu | J23: =IFERROR(__xludf.DUMMYFUNCTION("""COMPUTED_VALUE"""),"Tepung Tapioka") -> Tepung Tapioka | K23: =IFERROR(__xludf.DUMMYFUNCTION("""COMPUTED_VALUE"""),"Sajiku") -> Sajiku | L23: =IFERROR(__xludf.DUMMYFUNCTION("""COMPUTED_VALUE"""),"Lada") -> Lada | M23: =IFERROR(__xludf.DUMMYFUNCTION("""COMPUTED_VALUE"""),"Minyak Goreng") -> Minyak Goreng | N23: =IFERROR(__xludf.DUMMYFUNCTION("""COMPUTED_VALUE"""),"Maizena") -> Maizena | O23: =IFERROR(__xludf.DUMMYFUNCTION("""COMPUTED_VALUE"""),"Saori") -> Saori | P23: =IFERROR(__xludf.DUMMYFUNCTION("""COMPUTED_VALUE"""),"Tepung Beras") -> Tepung Beras | Q23: =IFERROR(__xludf.DUMMYFUNCTION("""COMPUTED_VALUE"""),"Garam Kasar") -> Garam Kasar | R23: =IFERROR(__xludf.DUMMYFUNCTION("""COMPUTED_VALUE"""),"Garam Halus") -> Garam Halus | S23: =IFERROR(__xludf.DUMMYFUNCTION("""COMPUTED_VALUE"""),"Gula Putih") -> Gula Putih | T23: =IFERROR(__xludf.DUMMYFUNCTION("""COMPUTED_VALUE"""),"Gula Merah") -> Gula Merah | U23: =IFERROR(__xludf.DUMMYFUNCTION("""COMPUTED_VALUE"""),"Kecap") -> Kecap | V23: =IFERROR(__xludf.DUMMYFUNCTION("""COMPUTED_VALUE"""),"Keju") -> Keju | W23: =IFERROR(__xludf.DUMMYFUNCTION("""COMPUTED_VALUE"""),"Bumbu Marinasi") -> Bumbu Marinasi | X23: =IFERROR(__xludf.DUMMYFUNCTION("""COMPUTED_VALUE"""),"Saos Tomat") -> Saos Tomat | Y23: =IFERROR(__xludf.DUMMYFUNCTION("""COMPUTED_VALUE"""),"Tepung Panir") -> Tepung Panir | Z23: =IFERROR(__xludf.DUMMYFUNCTION("""COMPUTED_VALUE"""),"Asem Jawa") -> Asem Jawa
A24: 46114 | B24: Protein Hewani | C24: Telur | D24: =IF(C24="","",IFERROR(VLOOKUP(C24,'Master Data'!$B$2:$C$527,2,FALSE),"")) -> Kg | E24: 7 | H24: =IFERROR('Master Data'!E30,"") | I24: =IFERROR(__xludf.DUMMYFUNCTION("IFERROR(TRANSPOSE(FILTER('Master Data'!$B$2:$B$527,'Master Data'!$A$2:$A$527=$B24)),"""")"),"Daging Ayam Fillet") -> Daging Ayam Fillet | J24: =IFERROR(__xludf.DUMMYFUNCTION("""COMPUTED_VALUE"""),"Daging Ayam Tulang (Potong)") -> Daging Ayam Tulang (Potong) | K24: =IFERROR(__xludf.DUMMYFUNCTION("""COMPUTED_VALUE"""),"Ikan Patin Fillet") -> Ikan Patin Fillet | L24: =IFERROR(__xludf.DUMMYFUNCTION("""COMPUTED_VALUE"""),"Telur") -> Telur | M24: =IFERROR(__xludf.DUMMYFUNCTION("""COMPUTED_VALUE"""),"Ikan giling") -> Ikan giling | N24: =IFERROR(__xludf.DUMMYFUNCTION("""COMPUTED_VALUE"""),"Ayam Giling") -> Ayam Giling | O24: =IFERROR(__xludf.DUMMYFUNCTION("""COMPUTED_VALUE"""),"Daging Sapi") -> Daging Sapi | P24: =IFERROR(__xludf.DUMMYFUNCTION("""COMPUTED_VALUE"""),"Udang") -> Udang | Q24: =IFERROR(__xludf.DUMMYFUNCTION("""COMPUTED_VALUE"""),"Susu UHT") -> Susu UHT
A25: 46114 | B25: Isi Ulang | C25: Galon | D25: =IF(C25="","",IFERROR(VLOOKUP(C25,'Master Data'!$B$2:$C$527,2,FALSE),"")) -> Buah | E25: 28 | H25: =IFERROR('Master Data'!E42,"") | I25: =IFERROR(__xludf.DUMMYFUNCTION("IFERROR(TRANSPOSE(FILTER('Master Data'!$B$2:$B$527,'Master Data'!$A$2:$A$527=$B25)),"""")"),"Galon") -> Galon | J25: =IFERROR(__xludf.DUMMYFUNCTION("""COMPUTED_VALUE"""),"Tedmon") -> Tedmon | K25: =IFERROR(__xludf.DUMMYFUNCTION("""COMPUTED_VALUE"""),"Gas") -> Gas
A26: 46114 | B26: Isi Ulang | C26: Gas | D26: =IF(C26="","",IFERROR(VLOOKUP(C26,'Master Data'!$B$2:$C$527,2,FALSE),"")) -> Tabung | E26: 6 | H26: =IFERROR('Master Data'!E43,"") | I26: =IFERROR(__xludf.DUMMYFUNCTION("IFERROR(TRANSPOSE(FILTER('Master Data'!$B$2:$B$527,'Master Data'!$A$2:$A$527=$B26)),"""")"),"Galon") -> Galon | J26: =IFERROR(__xludf.DUMMYFUNCTION("""COMPUTED_VALUE"""),"Tedmon") -> Tedmon | K26: =IFERROR(__xludf.DUMMYFUNCTION("""COMPUTED_VALUE"""),"Gas") -> Gas
A27: 46114 | B27: Isi Ulang | C27: Tedmon | D27: =IF(C27="","",IFERROR(VLOOKUP(C27,'Master Data'!$B$2:$C$527,2,FALSE),"")) -> Buah | E27: 8 | H27: =IFERROR('Master Data'!E44,"") | I27: =IFERROR(__xludf.DUMMYFUNCTION("IFERROR(TRANSPOSE(FILTER('Master Data'!$B$2:$B$527,'Master Data'!$A$2:$A$527=$B27)),"""")"),"Galon") -> Galon | J27: =IFERROR(__xludf.DUMMYFUNCTION("""COMPUTED_VALUE"""),"Tedmon") -> Tedmon | K27: =IFERROR(__xludf.DUMMYFUNCTION("""COMPUTED_VALUE"""),"Gas") -> Gas
A28: 46114 | B28: Protein Hewani | D28: =IF(C28="","",IFERROR(VLOOKUP(C28,'Master Data'!$B$2:$C$527,2,FALSE),"")) | H28: =IFERROR('Master Data'!E45,"") | I28: =IFERROR(__xludf.DUMMYFUNCTION("IFERROR(TRANSPOSE(FILTER('Master Data'!$B$2:$B$527,'Master Data'!$A$2:$A$527=$B28)),"""")"),"Daging Ayam Fillet") -> Daging Ayam Fillet | J28: =IFERROR(__xludf.DUMMYFUNCTION("""COMPUTED_VALUE"""),"Daging Ayam Tulang (Potong)") -> Daging Ayam Tulang (Potong) | K28: =IFERROR(__xludf.DUMMYFUNCTION("""COMPUTED_VALUE"""),"Ikan Patin Fillet") -> Ikan Patin Fillet | L28: =IFERROR(__xludf.DUMMYFUNCTION("""COMPUTED_VALUE"""),"Telur") -> Telur | M28: =IFERROR(__xludf.DUMMYFUNCTION("""COMPUTED_VALUE"""),"Ikan giling") -> Ikan giling | N28: =IFERROR(__xludf.DUMMYFUNCTION("""COMPUTED_VALUE"""),"Ayam Giling") -> Ayam Giling | O28: =IFERROR(__xludf.DUMMYFUNCTION("""COMPUTED_VALUE"""),"Daging Sapi") -> Daging Sapi | P28: =IFERROR(__xludf.DUMMYFUNCTION("""COMPUTED_VALUE"""),"Udang") -> Udang | Q28: =IFERROR(__xludf.DUMMYFUNCTION("""COMPUTED_VALUE"""),"Susu UHT") -> Susu UHT
A29: 46114 | D29: =IF(C29="","",IFERROR(VLOOKUP(C29,'Master Data'!$B$2:$C$527,2,FALSE),"")) | H29: =IFERROR('Master Data'!E47,"") | I29: =IFERROR(__xludf.DUMMYFUNCTION("IFERROR(TRANSPOSE(FILTER('Master Data'!$B$2:$B$527,'Master Data'!$A$2:$A$527=$B29)),"""")"),"")
A30: 46114 | D30: =IF(C30="","",IFERROR(VLOOKUP(C30,'Master Data'!$B$2:$C$527,2,FALSE),"")) | H30: =IFERROR('Master Data'!E48,"") | I30: =IFERROR(__xludf.DUMMYFUNCTION("IFERROR(TRANSPOSE(FILTER('Master Data'!$B$2:$B$527,'Master Data'!$A$2:$A$527=$B30)),"""")"),"")
D31: =IF(C31="","",IFERROR(VLOOKUP(C31,'Master Data'!$B$2:$C$527,2,FALSE),"")) | H31: =IFERROR('Master Data'!E49,"") | I31: =IFERROR(__xludf.DUMMYFUNCTION("IFERROR(TRANSPOSE(FILTER('Master Data'!$B$2:$B$527,'Master Data'!$A$2:$A$527=$B31)),"""")"),"")
D32: =IF(C32="","",IFERROR(VLOOKUP(C32,'Master Data'!$B$2:$C$527,2,FALSE),"")) | H32: =IFERROR('Master Data'!E50,"") | I32: =IFERROR(__xludf.DUMMYFUNCTION("IFERROR(TRANSPOSE(FILTER('Master Data'!$B$2:$B$527,'Master Data'!$A$2:$A$527=$B32)),"""")"),"")
D33: =IF(C33="","",IFERROR(VLOOKUP(C33,'Master Data'!$B$2:$C$527,2,FALSE),"")) | H33: =IFERROR('Master Data'!E51,"") | I33: =IFERROR(__xludf.DUMMYFUNCTION("IFERROR(TRANSPOSE(FILTER('Master Data'!$B$2:$B$527,'Master Data'!$A$2:$A$527=$B33)),"""")"),"")
D34: =IF(C34="","",IFERROR(VLOOKUP(C34,'Master Data'!$B$2:$C$527,2,FALSE),"")) | H34: =IFERROR('Master Data'!E52,"") | I34: =IFERROR(__xludf.DUMMYFUNCTION("IFERROR(TRANSPOSE(FILTER('Master Data'!$B$2:$B$527,'Master Data'!$A$2:$A$527=$B34)),"""")"),"")
D35: =IF(C35="","",IFERROR(VLOOKUP(C35,'Master Data'!$B$2:$C$527,2,FALSE),"")) | H35: =IFERROR('Master Data'!E53,"") | I35: =IFERROR(__xludf.DUMMYFUNCTION("IFERROR(TRANSPOSE(FILTER('Master Data'!$B$2:$B$527,'Master Data'!$A$2:$A$527=$B35)),"""")"),"")
D36: =IF(C36="","",IFERROR(VLOOKUP(C36,'Master Data'!$B$2:$C$527,2,FALSE),"")) | H36: =IFERROR('Master Data'!E55,"") | I36: =IFERROR(__xludf.DUMMYFUNCTION("IFERROR(TRANSPOSE(FILTER('Master Data'!$B$2:$B$527,'Master Data'!$A$2:$A$527=$B36)),"""")"),"")
D37: =IF(C37="","",IFERROR(VLOOKUP(C37,'Master Data'!$B$2:$C$527,2,FALSE),"")) | H37: =IFERROR('Master Data'!E58,"") | I37: =IFERROR(__xludf.DUMMYFUNCTION("IFERROR(TRANSPOSE(FILTER('Master Data'!$B$2:$B$527,'Master Data'!$A$2:$A$527=$B37)),"""")"),"")
D38: =IF(C38="","",IFERROR(VLOOKUP(C38,'Master Data'!$B$2:$C$527,2,FALSE),"")) | H38: =IFERROR('Master Data'!E59,"") | I38: =IFERROR(__xludf.DUMMYFUNCTION("IFERROR(TRANSPOSE(FILTER('Master Data'!$B$2:$B$527,'Master Data'!$A$2:$A$527=$B38)),"""")"),"")
D39: =IF(C39="","",IFERROR(VLOOKUP(C39,'Master Data'!$B$2:$C$527,2,FALSE),"")) | H39: =IFERROR('Master Data'!E61,"") | I39: =IFERROR(__xludf.DUMMYFUNCTION("IFERROR(TRANSPOSE(FILTER('Master Data'!$B$2:$B$527,'Master Data'!$A$2:$A$527=$B39)),"""")"),"")
D40: =IF(C40="","",IFERROR(VLOOKUP(C40,'Master Data'!$B$2:$C$527,2,FALSE),"")) | H40: =IFERROR('Master Data'!E62,"") | I40: =IFERROR(__xludf.DUMMYFUNCTION("IFERROR(TRANSPOSE(FILTER('Master Data'!$B$2:$B$527,'Master Data'!$A$2:$A$527=$B40)),"""")"),"")
D41: =IF(C41="","",IFERROR(VLOOKUP(C41,'Master Data'!$B$2:$C$527,2,FALSE),"")) | H41: =IFERROR('Master Data'!E63,"") | I41: =IFERROR(__xludf.DUMMYFUNCTION("IFERROR(TRANSPOSE(FILTER('Master Data'!$B$2:$B$527,'Master Data'!$A$2:$A$527=$B41)),"""")"),"")
D42: =IF(C42="","",IFERROR(VLOOKUP(C42,'Master Data'!$B$2:$C$527,2,FALSE),"")) | H42: =IFERROR('Master Data'!E64,"") | I42: =IFERROR(__xludf.DUMMYFUNCTION("IFERROR(TRANSPOSE(FILTER('Master Data'!$B$2:$B$527,'Master Data'!$A$2:$A$527=$B42)),"""")"),"")
D43: =IF(C43="","",IFERROR(VLOOKUP(C43,'Master Data'!$B$2:$C$527,2,FALSE),"")) | H43: =IFERROR('Master Data'!E65,"") | I43: =IFERROR(__xludf.DUMMYFUNCTION("IFERROR(TRANSPOSE(FILTER('Master Data'!$B$2:$B$527,'Master Data'!$A$2:$A$527=$B43)),"""")"),"")
D44: =IF(C44="","",IFERROR(VLOOKUP(C44,'Master Data'!$B$2:$C$527,2,FALSE),"")) | H44: =IFERROR('Master Data'!E66,"") | I44: =IFERROR(__xludf.DUMMYFUNCTION("IFERROR(TRANSPOSE(FILTER('Master Data'!$B$2:$B$527,'Master Data'!$A$2:$A$527=$B44)),"""")"),"")
D45: =IF(C45="","",IFERROR(VLOOKUP(C45,'Master Data'!$B$2:$C$527,2,FALSE),"")) | H45: =IFERROR('Master Data'!E67,"") | I45: =IFERROR(__xludf.DUMMYFUNCTION("IFERROR(TRANSPOSE(FILTER('Master Data'!$B$2:$B$527,'Master Data'!$A$2:$A$527=$B45)),"""")"),"")
D46: =IF(C46="","",IFERROR(VLOOKUP(C46,'Master Data'!$B$2:$C$527,2,FALSE),"")) | H46: =IFERROR('Master Data'!E69,"") | I46: =IFERROR(__xludf.DUMMYFUNCTION("IFERROR(TRANSPOSE(FILTER('Master Data'!$B$2:$B$527,'Master Data'!$A$2:$A$527=$B46)),"""")"),"")
D47: =IF(C47="","",IFERROR(VLOOKUP(C47,'Master Data'!$B$2:$C$527,2,FALSE),"")) | H47: =IFERROR('Master Data'!E72,"") | I47: =IFERROR(__xludf.DUMMYFUNCTION("IFERROR(TRANSPOSE(FILTER('Master Data'!$B$2:$B$527,'Master Data'!$A$2:$A$527=$B47)),"""")"),"")
D48: =IF(C48="","",IFERROR(VLOOKUP(C48,'Master Data'!$B$2:$C$527,2,FALSE),"")) | H48: =IFERROR('Master Data'!E79,"") | I48: =IFERROR(__xludf.DUMMYFUNCTION("IFERROR(TRANSPOSE(FILTER('Master Data'!$B$2:$B$527,'Master Data'!$A$2:$A$527=$B48)),"""")"),"")
D49: =IF(C49="","",IFERROR(VLOOKUP(C49,'Master Data'!$B$2:$C$527,2,FALSE),"")) | H49: =IFERROR('Master Data'!E80,"") | I49: =IFERROR(__xludf.DUMMYFUNCTION("IFERROR(TRANSPOSE(FILTER('Master Data'!$B$2:$B$527,'Master Data'!$A$2:$A$527=$B49)),"""")"),"")
D50: =IF(C50="","",IFERROR(VLOOKUP(C50,'Master Data'!$B$2:$C$527,2,FALSE),"")) | H50: =IFERROR('Master Data'!E81,"") | I50: =IFERROR(__xludf.DUMMYFUNCTION("IFERROR(TRANSPOSE(FILTER('Master Data'!$B$2:$B$527,'Master Data'!$A$2:$A$527=$B50)),"""")"),"")
D51: =IF(C51="","",IFERROR(VLOOKUP(C51,'Master Data'!$B$2:$C$527,2,FALSE),"")) | H51: =IFERROR('Master Data'!E82,"") | I51: =IFERROR(__xludf.DUMMYFUNCTION("IFERROR(TRANSPOSE(FILTER('Master Data'!$B$2:$B$527,'Master Data'!$A$2:$A$527=$B51)),"""")"),"")
D52: =IF(C52="","",IFERROR(VLOOKUP(C52,'Master Data'!$B$2:$C$527,2,FALSE),"")) | H52: =IFERROR('Master Data'!E83,"") | I52: =IFERROR(__xludf.DUMMYFUNCTION("IFERROR(TRANSPOSE(FILTER('Master Data'!$B$2:$B$527,'Master Data'!$A$2:$A$527=$B52)),"""")"),"")
D53: =IF(C53="","",IFERROR(VLOOKUP(C53,'Master Data'!$B$2:$C$527,2,FALSE),"")) | H53: =IFERROR('Master Data'!E84,"") | I53: =IFERROR(__xludf.DUMMYFUNCTION("IFERROR(TRANSPOSE(FILTER('Master Data'!$B$2:$B$527,'Master Data'!$A$2:$A$527=$B53)),"""")"),"")
D54: =IF(C54="","",IFERROR(VLOOKUP(C54,'Master Data'!$B$2:$C$527,2,FALSE),"")) | H54: =IFERROR('Master Data'!E85,"") | I54: =IFERROR(__xludf.DUMMYFUNCTION("IFERROR(TRANSPOSE(FILTER('Master Data'!$B$2:$B$527,'Master Data'!$A$2:$A$527=$B54)),"""")"),"")
D55: =IF(C55="","",IFERROR(VLOOKUP(C55,'Master Data'!$B$2:$C$527,2,FALSE),"")) | H55: =IFERROR('Master Data'!E86,"") | I55: =IFERROR(__xludf.DUMMYFUNCTION("IFERROR(TRANSPOSE(FILTER('Master Data'!$B$2:$B$527,'Master Data'!$A$2:$A$527=$B55)),"""")"),"")
D56: =IF(C56="","",IFERROR(VLOOKUP(C56,'Master Data'!$B$2:$C$527,2,FALSE),"")) | H56: =IFERROR('Master Data'!E87,"") | I56: =IFERROR(__xludf.DUMMYFUNCTION("IFERROR(TRANSPOSE(FILTER('Master Data'!$B$2:$B$527,'Master Data'!$A$2:$A$527=$B56)),"""")"),"")
D57: =IF(C57="","",IFERROR(VLOOKUP(C57,'Master Data'!$B$2:$C$527,2,FALSE),"")) | H57: =IFERROR('Master Data'!E88,"") | I57: =IFERROR(__xludf.DUMMYFUNCTION("IFERROR(TRANSPOSE(FILTER('Master Data'!$B$2:$B$527,'Master Data'!$A$2:$A$527=$B57)),"""")"),"")
D58: =IF(C58="","",IFERROR(VLOOKUP(C58,'Master Data'!$B$2:$C$527,2,FALSE),"")) | H58: =IFERROR('Master Data'!E89,"") | I58: =IFERROR(__xludf.DUMMYFUNCTION("IFERROR(TRANSPOSE(FILTER('Master Data'!$B$2:$B$527,'Master Data'!$A$2:$A$527=$B58)),"""")"),"")
D59: =IF(C59="","",IFERROR(VLOOKUP(C59,'Master Data'!$B$2:$C$527,2,FALSE),"")) | H59: =IFERROR('Master Data'!E90,"") | I59: =IFERROR(__xludf.DUMMYFUNCTION("IFERROR(TRANSPOSE(FILTER('Master Data'!$B$2:$B$527,'Master Data'!$A$2:$A$527=$B59)),"""")"),"")
D60: =IF(C60="","",IFERROR(VLOOKUP(C60,'Master Data'!$B$2:$C$527,2,FALSE),"")) | H60: =IFERROR('Master Data'!E91,"") | I60: =IFERROR(__xludf.DUMMYFUNCTION("IFERROR(TRANSPOSE(FILTER('Master Data'!$B$2:$B$527,'Master Data'!$A$2:$A$527=$B60)),"""")"),"")
D61: =IF(C61="","",IFERROR(VLOOKUP(C61,'Master Data'!$B$2:$C$527,2,FALSE),"")) | H61: =IFERROR('Master Data'!E92,"") | I61: =IFERROR(__xludf.DUMMYFUNCTION("IFERROR(TRANSPOSE(FILTER('Master Data'!$B$2:$B$527,'Master Data'!$A$2:$A$527=$B61)),"""")"),"")
D62: =IF(C62="","",IFERROR(VLOOKUP(C62,'Master Data'!$B$2:$C$527,2,FALSE),"")) | H62: =IFERROR('Master Data'!E93,"") | I62: =IFERROR(__xludf.DUMMYFUNCTION("IFERROR(TRANSPOSE(FILTER('Master Data'!$B$2:$B$527,'Master Data'!$A$2:$A$527=$B62)),"""")"),"")
D63: =IF(C63="","",IFERROR(VLOOKUP(C63,'Master Data'!$B$2:$C$527,2,FALSE),"")) | H63: =IFERROR('Master Data'!E94,"") | I63: =IFERROR(__xludf.DUMMYFUNCTION("IFERROR(TRANSPOSE(FILTER('Master Data'!$B$2:$B$527,'Master Data'!$A$2:$A$527=$B63)),"""")"),"")
D64: =IF(C64="","",IFERROR(VLOOKUP(C64,'Master Data'!$B$2:$C$527,2,FALSE),"")) | H64: =IFERROR('Master Data'!E95,"") | I64: =IFERROR(__xludf.DUMMYFUNCTION("IFERROR(TRANSPOSE(FILTER('Master Data'!$B$2:$B$527,'Master Data'!$A$2:$A$527=$B64)),"""")"),"")
D65: =IF(C65="","",IFERROR(VLOOKUP(C65,'Master Data'!$B$2:$C$527,2,FALSE),"")) | H65: =IFERROR('Master Data'!E96,"") | I65: =IFERROR(__xludf.DUMMYFUNCTION("IFERROR(TRANSPOSE(FILTER('Master Data'!$B$2:$B$527,'Master Data'!$A$2:$A$527=$B65)),"""")"),"")
D66: =IF(C66="","",IFERROR(VLOOKUP(C66,'Master Data'!$B$2:$C$527,2,FALSE),"")) | H66: =IFERROR('Master Data'!E97,"") | I66: =IFERROR(__xludf.DUMMYFUNCTION("IFERROR(TRANSPOSE(FILTER('Master Data'!$B$2:$B$527,'Master Data'!$A$2:$A$527=$B66)),"""")"),"")
D67: =IF(C67="","",IFERROR(VLOOKUP(C67,'Master Data'!$B$2:$C$527,2,FALSE),"")) | H67: =IFERROR('Master Data'!E98,"") | I67: =IFERROR(__xludf.DUMMYFUNCTION("IFERROR(TRANSPOSE(FILTER('Master Data'!$B$2:$B$527,'Master Data'!$A$2:$A$527=$B67)),"""")"),"")
D68: =IF(C68="","",IFERROR(VLOOKUP(C68,'Master Data'!$B$2:$C$527,2,FALSE),"")) | H68: =IFERROR('Master Data'!E99,"") | I68: =IFERROR(__xludf.DUMMYFUNCTION("IFERROR(TRANSPOSE(FILTER('Master Data'!$B$2:$B$527,'Master Data'!$A$2:$A$527=$B68)),"""")"),"")
D69: =IF(C69="","",IFERROR(VLOOKUP(C69,'Master Data'!$B$2:$C$527,2,FALSE),"")) | H69: =IFERROR('Master Data'!E100,"") | I69: =IFERROR(__xludf.DUMMYFUNCTION("IFERROR(TRANSPOSE(FILTER('Master Data'!$B$2:$B$527,'Master Data'!$A$2:$A$527=$B69)),"""")"),"")
D70: =IF(C70="","",IFERROR(VLOOKUP(C70,'Master Data'!$B$2:$C$527,2,FALSE),"")) | H70: =IFERROR('Master Data'!E101,"") | I70: =IFERROR(__xludf.DUMMYFUNCTION("IFERROR(TRANSPOSE(FILTER('Master Data'!$B$2:$B$527,'Master Data'!$A$2:$A$527=$B70)),"""")"),"")
D71: =IF(C71="","",IFERROR(VLOOKUP(C71,'Master Data'!$B$2:$C$527,2,FALSE),"")) | H71: =IFERROR('Master Data'!E102,"") | I71: =IFERROR(__xludf.DUMMYFUNCTION("IFERROR(TRANSPOSE(FILTER('Master Data'!$B$2:$B$527,'Master Data'!$A$2:$A$527=$B71)),"""")"),"")
D72: =IF(C72="","",IFERROR(VLOOKUP(C72,'Master Data'!$B$2:$C$527,2,FALSE),"")) | H72: =IFERROR('Master Data'!E103,"") | I72: =IFERROR(__xludf.DUMMYFUNCTION("IFERROR(TRANSPOSE(FILTER('Master Data'!$B$2:$B$527,'Master Data'!$A$2:$A$527=$B72)),"""")"),"")
D73: =IF(C73="","",IFERROR(VLOOKUP(C73,'Master Data'!$B$2:$C$527,2,FALSE),"")) | H73: =IFERROR('Master Data'!E104,"") | I73: =IFERROR(__xludf.DUMMYFUNCTION("IFERROR(TRANSPOSE(FILTER('Master Data'!$B$2:$B$527,'Master Data'!$A$2:$A$527=$B73)),"""")"),"")
D74: =IF(C74="","",IFERROR(VLOOKUP(C74,'Master Data'!$B$2:$C$527,2,FALSE),"")) | H74: =IFERROR('Master Data'!E105,"") | I74: =IFERROR(__xludf.DUMMYFUNCTION("IFERROR(TRANSPOSE(FILTER('Master Data'!$B$2:$B$527,'Master Data'!$A$2:$A$527=$B74)),"""")"),"")
D75: =IF(C75="","",IFERROR(VLOOKUP(C75,'Master Data'!$B$2:$C$527,2,FALSE),"")) | H75: =IFERROR('Master Data'!E106,"") | I75: =IFERROR(__xludf.DUMMYFUNCTION("IFERROR(TRANSPOSE(FILTER('Master Data'!$B$2:$B$527,'Master Data'!$A$2:$A$527=$B75)),"""")"),"")
D76: =IF(C76="","",IFERROR(VLOOKUP(C76,'Master Data'!$B$2:$C$527,2,FALSE),"")) | H76: =IFERROR('Master Data'!E107,"") | I76: =IFERROR(__xludf.DUMMYFUNCTION("IFERROR(TRANSPOSE(FILTER('Master Data'!$B$2:$B$527,'Master Data'!$A$2:$A$527=$B76)),"""")"),"")
D77: =IF(C77="","",IFERROR(VLOOKUP(C77,'Master Data'!$B$2:$C$527,2,FALSE),"")) | H77: =IFERROR('Master Data'!E108,"") | I77: =IFERROR(__xludf.DUMMYFUNCTION("IFERROR(TRANSPOSE(FILTER('Master Data'!$B$2:$B$527,'Master Data'!$A$2:$A$527=$B77)),"""")"),"")
D78: =IF(C78="","",IFERROR(VLOOKUP(C78,'Master Data'!$B$2:$C$527,2,FALSE),"")) | H78: =IFERROR('Master Data'!E109,"") | I78: =IFERROR(__xludf.DUMMYFUNCTION("IFERROR(TRANSPOSE(FILTER('Master Data'!$B$2:$B$527,'Master Data'!$A$2:$A$527=$B78)),"""")"),"")
D79: =IF(C79="","",IFERROR(VLOOKUP(C79,'Master Data'!$B$2:$C$527,2,FALSE),"")) | H79: =IFERROR('Master Data'!E110,"") | I79: =IFERROR(__xludf.DUMMYFUNCTION("IFERROR(TRANSPOSE(FILTER('Master Data'!$B$2:$B$527,'Master Data'!$A$2:$A$527=$B79)),"""")"),"")
D80: =IF(C80="","",IFERROR(VLOOKUP(C80,'Master Data'!$B$2:$C$527,2,FALSE),"")) | H80: =IFERROR('Master Data'!E111,"") | I80: =IFERROR(__xludf.DUMMYFUNCTION("IFERROR(TRANSPOSE(FILTER('Master Data'!$B$2:$B$527,'Master Data'!$A$2:$A$527=$B80)),"""")"),"")
D81: =IF(C81="","",IFERROR(VLOOKUP(C81,'Master Data'!$B$2:$C$527,2,FALSE),"")) | H81: =IFERROR('Master Data'!E112,"") | I81: =IFERROR(__xludf.DUMMYFUNCTION("IFERROR(TRANSPOSE(FILTER('Master Data'!$B$2:$B$527,'Master Data'!$A$2:$A$527=$B81)),"""")"),"")
D82: =IF(C82="","",IFERROR(VLOOKUP(C82,'Master Data'!$B$2:$C$527,2,FALSE),"")) | H82: =IFERROR('Master Data'!E113,"") | I82: =IFERROR(__xludf.DUMMYFUNCTION("IFERROR(TRANSPOSE(FILTER('Master Data'!$B$2:$B$527,'Master Data'!$A$2:$A$527=$B82)),"""")"),"")
D83: =IF(C83="","",IFERROR(VLOOKUP(C83,'Master Data'!$B$2:$C$527,2,FALSE),"")) | H83: =IFERROR('Master Data'!E114,"") | I83: =IFERROR(__xludf.DUMMYFUNCTION("IFERROR(TRANSPOSE(FILTER('Master Data'!$B$2:$B$527,'Master Data'!$A$2:$A$527=$B83)),"""")"),"")
D84: =IF(C84="","",IFERROR(VLOOKUP(C84,'Master Data'!$B$2:$C$527,2,FALSE),"")) | H84: =IFERROR('Master Data'!E115,"") | I84: =IFERROR(__xludf.DUMMYFUNCTION("IFERROR(TRANSPOSE(FILTER('Master Data'!$B$2:$B$527,'Master Data'!$A$2:$A$527=$B84)),"""")"),"")
D85: =IF(C85="","",IFERROR(VLOOKUP(C85,'Master Data'!$B$2:$C$527,2,FALSE),"")) | H85: =IFERROR('Master Data'!E116,"") | I85: =IFERROR(__xludf.DUMMYFUNCTION("IFERROR(TRANSPOSE(FILTER('Master Data'!$B$2:$B$527,'Master Data'!$A$2:$A$527=$B85)),"""")"),"")
D86: =IF(C86="","",IFERROR(VLOOKUP(C86,'Master Data'!$B$2:$C$527,2,FALSE),"")) | H86: =IFERROR('Master Data'!E117,"") | I86: =IFERROR(__xludf.DUMMYFUNCTION("IFERROR(TRANSPOSE(FILTER('Master Data'!$B$2:$B$527,'Master Data'!$A$2:$A$527=$B86)),"""")"),"")
D87: =IF(C87="","",IFERROR(VLOOKUP(C87,'Master Data'!$B$2:$C$527,2,FALSE),"")) | H87: =IFERROR('Master Data'!E118,"") | I87: =IFERROR(__xludf.DUMMYFUNCTION("IFERROR(TRANSPOSE(FILTER('Master Data'!$B$2:$B$527,'Master Data'!$A$2:$A$527=$B87)),"""")"),"")
D88: =IF(C88="","",IFERROR(VLOOKUP(C88,'Master Data'!$B$2:$C$527,2,FALSE),"")) | H88: =IFERROR('Master Data'!E119,"") | I88: =IFERROR(__xludf.DUMMYFUNCTION("IFERROR(TRANSPOSE(FILTER('Master Data'!$B$2:$B$527,'Master Data'!$A$2:$A$527=$B88)),"""")"),"")
D89: =IF(C89="","",IFERROR(VLOOKUP(C89,'Master Data'!$B$2:$C$527,2,FALSE),"")) | H89: =IFERROR('Master Data'!E120,"") | I89: =IFERROR(__xludf.DUMMYFUNCTION("IFERROR(TRANSPOSE(FILTER('Master Data'!$B$2:$B$527,'Master Data'!$A$2:$A$527=$B89)),"""")"),"")
D90: =IF(C90="","",IFERROR(VLOOKUP(C90,'Master Data'!$B$2:$C$527,2,FALSE),"")) | H90: =IFERROR('Master Data'!E121,"") | I90: =IFERROR(__xludf.DUMMYFUNCTION("IFERROR(TRANSPOSE(FILTER('Master Data'!$B$2:$B$527,'Master Data'!$A$2:$A$527=$B90)),"""")"),"")
D91: =IF(C91="","",IFERROR(VLOOKUP(C91,'Master Data'!$B$2:$C$527,2,FALSE),"")) | H91: =IFERROR('Master Data'!E122,"") | I91: =IFERROR(__xludf.DUMMYFUNCTION("IFERROR(TRANSPOSE(FILTER('Master Data'!$B$2:$B$527,'Master Data'!$A$2:$A$527=$B91)),"""")"),"")
D92: =IF(C92="","",IFERROR(VLOOKUP(C92,'Master Data'!$B$2:$C$527,2,FALSE),"")) | H92: =IFERROR('Master Data'!E123,"") | I92: =IFERROR(__xludf.DUMMYFUNCTION("IFERROR(TRANSPOSE(FILTER('Master Data'!$B$2:$B$527,'Master Data'!$A$2:$A$527=$B92)),"""")"),"")
D93: =IF(C93="","",IFERROR(VLOOKUP(C93,'Master Data'!$B$2:$C$527,2,FALSE),"")) | H93: =IFERROR('Master Data'!E124,"") | I93: =IFERROR(__xludf.DUMMYFUNCTION("IFERROR(TRANSPOSE(FILTER('Master Data'!$B$2:$B$527,'Master Data'!$A$2:$A$527=$B93)),"""")"),"")
D94: =IF(C94="","",IFERROR(VLOOKUP(C94,'Master Data'!$B$2:$C$527,2,FALSE),"")) | H94: =IFERROR('Master Data'!E125,"") | I94: =IFERROR(__xludf.DUMMYFUNCTION("IFERROR(TRANSPOSE(FILTER('Master Data'!$B$2:$B$527,'Master Data'!$A$2:$A$527=$B94)),"""")"),"")
D95: =IF(C95="","",IFERROR(VLOOKUP(C95,'Master Data'!$B$2:$C$527,2,FALSE),"")) | H95: =IFERROR('Master Data'!E126,"") | I95: =IFERROR(__xludf.DUMMYFUNCTION("IFERROR(TRANSPOSE(FILTER('Master Data'!$B$2:$B$527,'Master Data'!$A$2:$A$527=$B95)),"""")"),"")
D96: =IF(C96="","",IFERROR(VLOOKUP(C96,'Master Data'!$B$2:$C$527,2,FALSE),"")) | H96: =IFERROR('Master Data'!E127,"") | I96: =IFERROR(__xludf.DUMMYFUNCTION("IFERROR(TRANSPOSE(FILTER('Master Data'!$B$2:$B$527,'Master Data'!$A$2:$A$527=$B96)),"""")"),"")
D97: =IF(C97="","",IFERROR(VLOOKUP(C97,'Master Data'!$B$2:$C$527,2,FALSE),"")) | H97: =IFERROR('Master Data'!E128,"") | I97: =IFERROR(__xludf.DUMMYFUNCTION("IFERROR(TRANSPOSE(FILTER('Master Data'!$B$2:$B$527,'Master Data'!$A$2:$A$527=$B97)),"""")"),"")
D98: =IF(C98="","",IFERROR(VLOOKUP(C98,'Master Data'!$B$2:$C$527,2,FALSE),"")) | H98: =IFERROR('Master Data'!E129,"") | I98: =IFERROR(__xludf.DUMMYFUNCTION("IFERROR(TRANSPOSE(FILTER('Master Data'!$B$2:$B$527,'Master Data'!$A$2:$A$527=$B98)),"""")"),"")
D99: =IF(C99="","",IFERROR(VLOOKUP(C99,'Master Data'!$B$2:$C$527,2,FALSE),"")) | H99: =IFERROR('Master Data'!E130,"") | I99: =IFERROR(__xludf.DUMMYFUNCTION("IFERROR(TRANSPOSE(FILTER('Master Data'!$B$2:$B$527,'Master Data'!$A$2:$A$527=$B99)),"""")"),"")
D100: =IF(C100="","",IFERROR(VLOOKUP(C100,'Master Data'!$B$2:$C$527,2,FALSE),"")) | H100: =IFERROR('Master Data'!E131,"") | I100: =IFERROR(__xludf.DUMMYFUNCTION("IFERROR(TRANSPOSE(FILTER('Master Data'!$B$2:$B$527,'Master Data'!$A$2:$A$527=$B100)),"""")"),"")
...

Sheet 3 April 2026
H1: Helper Kategori | I1: Helper Pilihan Bahan
A2: SATUAN PELAYANAN PEMENUHAN GIZI (SPPG) BATTU WINANGUN NOTA PEMESANAN BAHAN MAKANAN | H2: =IFERROR('Master Data'!E2,"") -> Karbohidrat
H3: =IFERROR('Master Data'!E3,"") -> Protein Hewani
H4: =IFERROR('Master Data'!E4,"") -> Protein Nabati
H5: =IFERROR('Master Data'!E5,"") -> Sayur
H6: =IFERROR('Master Data'!E6,"") -> Buah
A7: Tanggal | B7: Kategori Makanan | C7: Bahan Makanan | D7: Satuan | E7: Jumlah | H7: =IFERROR('Master Data'!E7,"") -> Bumbu Masak Sayur
A8: 46115 | B8: Karbohidrat | C8: Beras | D8: =IF(C8="","",IFERROR(VLOOKUP(C8,'Master Data'!$B$2:$C$527,2,FALSE),"")) -> Kg | E8: 29 | H8: =IFERROR('Master Data'!E8,"") -> Bumbu Masak Sembako | I8: =IFERROR(__xludf.DUMMYFUNCTION("IFERROR(TRANSPOSE(FILTER('Master Data'!$B$2:$B$527,'Master Data'!$A$2:$A$527=$B8)),"""")"),"Beras") -> Beras | J8: =IFERROR(__xludf.DUMMYFUNCTION("""COMPUTED_VALUE"""),"Mie") -> Mie | K8: =IFERROR(__xludf.DUMMYFUNCTION("""COMPUTED_VALUE"""),"Kentang") -> Kentang | L8: =IFERROR(__xludf.DUMMYFUNCTION("""COMPUTED_VALUE"""),"Jagung") -> Jagung | M8: =IFERROR(__xludf.DUMMYFUNCTION("""COMPUTED_VALUE"""),"Roti") -> Roti | N8: =IFERROR(__xludf.DUMMYFUNCTION("""COMPUTED_VALUE"""),"Singkong") -> Singkong | O8: =IFERROR(__xludf.DUMMYFUNCTION("""COMPUTED_VALUE"""),"Ubi") -> Ubi | P8: =IFERROR(__xludf.DUMMYFUNCTION("""COMPUTED_VALUE"""),"Makaroni") -> Makaroni
A9: 46115 | B9: Protein Hewani | C9: Daging Ayam Tulang (Potong) | D9: =IF(C9="","",IFERROR(VLOOKUP(C9,'Master Data'!$B$2:$C$527,2,FALSE),"")) -> Kg | E9: 29 | H9: =IFERROR('Master Data'!E9,"") -> Isi Ulang | I9: =IFERROR(__xludf.DUMMYFUNCTION("IFERROR(TRANSPOSE(FILTER('Master Data'!$B$2:$B$527,'Master Data'!$A$2:$A$527=$B9)),"""")"),"Daging Ayam Fillet") -> Daging Ayam Fillet | J9: =IFERROR(__xludf.DUMMYFUNCTION("""COMPUTED_VALUE"""),"Daging Ayam Tulang (Potong)") -> Daging Ayam Tulang (Potong) | K9: =IFERROR(__xludf.DUMMYFUNCTION("""COMPUTED_VALUE"""),"Ikan Patin Fillet") -> Ikan Patin Fillet | L9: =IFERROR(__xludf.DUMMYFUNCTION("""COMPUTED_VALUE"""),"Telur") -> Telur | M9: =IFERROR(__xludf.DUMMYFUNCTION("""COMPUTED_VALUE"""),"Ikan giling") -> Ikan giling | N9: =IFERROR(__xludf.DUMMYFUNCTION("""COMPUTED_VALUE"""),"Ayam Giling") -> Ayam Giling | O9: =IFERROR(__xludf.DUMMYFUNCTION("""COMPUTED_VALUE"""),"Daging Sapi") -> Daging Sapi | P9: =IFERROR(__xludf.DUMMYFUNCTION("""COMPUTED_VALUE"""),"Udang") -> Udang | Q9: =IFERROR(__xludf.DUMMYFUNCTION("""COMPUTED_VALUE"""),"Susu UHT") -> Susu UHT
A10: 46115 | B10: Protein Nabati | C10: Tempe | D10: =IF(C10="","",IFERROR(VLOOKUP(C10,'Master Data'!$B$2:$C$527,2,FALSE),"")) -> Kg | E10: 12 | H10: =IFERROR('Master Data'!E10,"") -> Packaging | I10: =IFERROR(__xludf.DUMMYFUNCTION("IFERROR(TRANSPOSE(FILTER('Master Data'!$B$2:$B$527,'Master Data'!$A$2:$A$527=$B10)),"""")"),"Tempe") -> Tempe | J10: =IFERROR(__xludf.DUMMYFUNCTION("""COMPUTED_VALUE"""),"Tahu") -> Tahu | K10: =IFERROR(__xludf.DUMMYFUNCTION("""COMPUTED_VALUE"""),"Kacang Hijau") -> Kacang Hijau | L10: =IFERROR(__xludf.DUMMYFUNCTION("""COMPUTED_VALUE"""),"Kacang Tanah") -> Kacang Tanah | M10: =IFERROR(__xludf.DUMMYFUNCTION("""COMPUTED_VALUE"""),"Kedelai") -> Kedelai | N10: =IFERROR(__xludf.DUMMYFUNCTION("""COMPUTED_VALUE"""),"Oncom") -> Oncom
A11: 46115 | B11: Sayur | C11: Wortel | D11: =IF(C11="","",IFERROR(VLOOKUP(C11,'Master Data'!$B$2:$C$527,2,FALSE),"")) -> Kg | E11: 12 | H11: =IFERROR('Master Data'!E12,"") | I11: =IFERROR(__xludf.DUMMYFUNCTION("IFERROR(TRANSPOSE(FILTER('Master Data'!$B$2:$B$527,'Master Data'!$A$2:$A$527=$B11)),"""")"),"Wortel") -> Wortel | J11: =IFERROR(__xludf.DUMMYFUNCTION("""COMPUTED_VALUE"""),"Kacang Panjang") -> Kacang Panjang | K11: =IFERROR(__xludf.DUMMYFUNCTION("""COMPUTED_VALUE"""),"Tauge") -> Tauge | L11: =IFERROR(__xludf.DUMMYFUNCTION("""COMPUTED_VALUE"""),"Kubis") -> Kubis | M11: =IFERROR(__xludf.DUMMYFUNCTION("""COMPUTED_VALUE"""),"Buncis") -> Buncis | N11: =IFERROR(__xludf.DUMMYFUNCTION("""COMPUTED_VALUE"""),"Kembang Kol") -> Kembang Kol | O11: =IFERROR(__xludf.DUMMYFUNCTION("""COMPUTED_VALUE"""),"Sawi Putih") -> Sawi Putih | P11: =IFERROR(__xludf.DUMMYFUNCTION("""COMPUTED_VALUE"""),"Caisin") -> Caisin | Q11: =IFERROR(__xludf.DUMMYFUNCTION("""COMPUTED_VALUE"""),"Timun") -> Timun | R11: =IFERROR(__xludf.DUMMYFUNCTION("""COMPUTED_VALUE"""),"Daun Bawang") -> Daun Bawang | S11: =IFERROR(__xludf.DUMMYFUNCTION("""COMPUTED_VALUE"""),"Labu Siam") -> Labu Siam | T11: =IFERROR(__xludf.DUMMYFUNCTION("""COMPUTED_VALUE"""),"Tomat") -> Tomat | U11: =IFERROR(__xludf.DUMMYFUNCTION("""COMPUTED_VALUE"""),"Kemangi") -> Kemangi | V11: =IFERROR(__xludf.DUMMYFUNCTION("""COMPUTED_VALUE"""),"Jagung ") -> Jagung
A12: 46115 | B12: Sayur | C12: Buncis | D12: =IF(C12="","",IFERROR(VLOOKUP(C12,'Master Data'!$B$2:$C$527,2,FALSE),"")) -> Kg | E12: 8 | H12: =IFERROR('Master Data'!E14,"") | I12: =IFERROR(__xludf.DUMMYFUNCTION("IFERROR(TRANSPOSE(FILTER('Master Data'!$B$2:$B$527,'Master Data'!$A$2:$A$527=$B12)),"""")"),"Wortel") -> Wortel | J12: =IFERROR(__xludf.DUMMYFUNCTION("""COMPUTED_VALUE"""),"Kacang Panjang") -> Kacang Panjang | K12: =IFERROR(__xludf.DUMMYFUNCTION("""COMPUTED_VALUE"""),"Tauge") -> Tauge | L12: =IFERROR(__xludf.DUMMYFUNCTION("""COMPUTED_VALUE"""),"Kubis") -> Kubis | M12: =IFERROR(__xludf.DUMMYFUNCTION("""COMPUTED_VALUE"""),"Buncis") -> Buncis | N12: =IFERROR(__xludf.DUMMYFUNCTION("""COMPUTED_VALUE"""),"Kembang Kol") -> Kembang Kol | O12: =IFERROR(__xludf.DUMMYFUNCTION("""COMPUTED_VALUE"""),"Sawi Putih") -> Sawi Putih | P12: =IFERROR(__xludf.DUMMYFUNCTION("""COMPUTED_VALUE"""),"Caisin") -> Caisin | Q12: =IFERROR(__xludf.DUMMYFUNCTION("""COMPUTED_VALUE"""),"Timun") -> Timun | R12: =IFERROR(__xludf.DUMMYFUNCTION("""COMPUTED_VALUE"""),"Daun Bawang") -> Daun Bawang | S12: =IFERROR(__xludf.DUMMYFUNCTION("""COMPUTED_VALUE"""),"Labu Siam") -> Labu Siam | T12: =IFERROR(__xludf.DUMMYFUNCTION("""COMPUTED_VALUE"""),"Tomat") -> Tomat | U12: =IFERROR(__xludf.DUMMYFUNCTION("""COMPUTED_VALUE"""),"Kemangi") -> Kemangi | V12: =IFERROR(__xludf.DUMMYFUNCTION("""COMPUTED_VALUE"""),"Jagung ") -> Jagung
A13: 46115 | B13: Sayur | C13: Jagung | D13: =IF(C13="","",IFERROR(VLOOKUP(C13,'Master Data'!$B$2:$C$527,2,FALSE),"")) -> Kg | E13: 7 | H13: =IFERROR('Master Data'!E17,"") | I13: =IFERROR(__xludf.DUMMYFUNCTION("IFERROR(TRANSPOSE(FILTER('Master Data'!$B$2:$B$527,'Master Data'!$A$2:$A$527=$B13)),"""")"),"Wortel") -> Wortel | J13: =IFERROR(__xludf.DUMMYFUNCTION("""COMPUTED_VALUE"""),"Kacang Panjang") -> Kacang Panjang | K13: =IFERROR(__xludf.DUMMYFUNCTION("""COMPUTED_VALUE"""),"Tauge") -> Tauge | L13: =IFERROR(__xludf.DUMMYFUNCTION("""COMPUTED_VALUE"""),"Kubis") -> Kubis | M13: =IFERROR(__xludf.DUMMYFUNCTION("""COMPUTED_VALUE"""),"Buncis") -> Buncis | N13: =IFERROR(__xludf.DUMMYFUNCTION("""COMPUTED_VALUE"""),"Kembang Kol") -> Kembang Kol | O13: =IFERROR(__xludf.DUMMYFUNCTION("""COMPUTED_VALUE"""),"Sawi Putih") -> Sawi Putih | P13: =IFERROR(__xludf.DUMMYFUNCTION("""COMPUTED_VALUE"""),"Caisin") -> Caisin | Q13: =IFERROR(__xludf.DUMMYFUNCTION("""COMPUTED_VALUE"""),"Timun") -> Timun | R13: =IFERROR(__xludf.DUMMYFUNCTION("""COMPUTED_VALUE"""),"Daun Bawang") -> Daun Bawang | S13: =IFERROR(__xludf.DUMMYFUNCTION("""COMPUTED_VALUE"""),"Labu Siam") -> Labu Siam | T13: =IFERROR(__xludf.DUMMYFUNCTION("""COMPUTED_VALUE"""),"Tomat") -> Tomat | U13: =IFERROR(__xludf.DUMMYFUNCTION("""COMPUTED_VALUE"""),"Kemangi") -> Kemangi | V13: =IFERROR(__xludf.DUMMYFUNCTION("""COMPUTED_VALUE"""),"Jagung ") -> Jagung
A14: 46115 | B14: Bumbu Masak Sayur | C14: Cabe Ijo | D14: =IF(C14="","",IFERROR(VLOOKUP(C14,'Master Data'!$B$2:$C$527,2,FALSE),"")) -> Kg | E14: 2 | H14: =IFERROR('Master Data'!E18,"") | I14: =IFERROR(__xludf.DUMMYFUNCTION("IFERROR(TRANSPOSE(FILTER('Master Data'!$B$2:$B$527,'Master Data'!$A$2:$A$527=$B14)),"""")"),"Bawang Merah") -> Bawang Merah | J14: =IFERROR(__xludf.DUMMYFUNCTION("""COMPUTED_VALUE"""),"Bawang Putih") -> Bawang Putih | K14: =IFERROR(__xludf.DUMMYFUNCTION("""COMPUTED_VALUE"""),"Laos") -> Laos | L14: =IFERROR(__xludf.DUMMYFUNCTION("""COMPUTED_VALUE"""),"Serai") -> Serai | M14: =IFERROR(__xludf.DUMMYFUNCTION("""COMPUTED_VALUE"""),"Cabe Merah") -> Cabe Merah | N14: =IFERROR(__xludf.DUMMYFUNCTION("""COMPUTED_VALUE"""),"Bawang Bombay") -> Bawang Bombay | O14: =IFERROR(__xludf.DUMMYFUNCTION("""COMPUTED_VALUE"""),"Ketumbar") -> Ketumbar | P14: =IFERROR(__xludf.DUMMYFUNCTION("""COMPUTED_VALUE"""),"Kencur") -> Kencur | Q14: =IFERROR(__xludf.DUMMYFUNCTION("""COMPUTED_VALUE"""),"Kunyit") -> Kunyit | R14: =IFERROR(__xludf.DUMMYFUNCTION("""COMPUTED_VALUE"""),"Jahe") -> Jahe | S14: =IFERROR(__xludf.DUMMYFUNCTION("""COMPUTED_VALUE"""),"Kelapa Parut") -> Kelapa Parut | T14: =IFERROR(__xludf.DUMMYFUNCTION("""COMPUTED_VALUE"""),"Cabe Ijo") -> Cabe Ijo
A15: 46115 | B15: Bumbu Masak Sayur | C15: Bawang Putih | D15: =IF(C15="","",IFERROR(VLOOKUP(C15,'Master Data'!$B$2:$C$527,2,FALSE),"")) -> Kg | E15: 4 | H15: =IFERROR('Master Data'!E19,"") | I15: =IFERROR(__xludf.DUMMYFUNCTION("IFERROR(TRANSPOSE(FILTER('Master Data'!$B$2:$B$527,'Master Data'!$A$2:$A$527=$B15)),"""")"),"Bawang Merah") -> Bawang Merah | J15: =IFERROR(__xludf.DUMMYFUNCTION("""COMPUTED_VALUE"""),"Bawang Putih") -> Bawang Putih | K15: =IFERROR(__xludf.DUMMYFUNCTION("""COMPUTED_VALUE"""),"Laos") -> Laos | L15: =IFERROR(__xludf.DUMMYFUNCTION("""COMPUTED_VALUE"""),"Serai") -> Serai | M15: =IFERROR(__xludf.DUMMYFUNCTION("""COMPUTED_VALUE"""),"Cabe Merah") -> Cabe Merah | N15: =IFERROR(__xludf.DUMMYFUNCTION("""COMPUTED_VALUE"""),"Bawang Bombay") -> Bawang Bombay | O15: =IFERROR(__xludf.DUMMYFUNCTION("""COMPUTED_VALUE"""),"Ketumbar") -> Ketumbar | P15: =IFERROR(__xludf.DUMMYFUNCTION("""COMPUTED_VALUE"""),"Kencur") -> Kencur | Q15: =IFERROR(__xludf.DUMMYFUNCTION("""COMPUTED_VALUE"""),"Kunyit") -> Kunyit | R15: =IFERROR(__xludf.DUMMYFUNCTION("""COMPUTED_VALUE"""),"Jahe") -> Jahe | S15: =IFERROR(__xludf.DUMMYFUNCTION("""COMPUTED_VALUE"""),"Kelapa Parut") -> Kelapa Parut | T15: =IFERROR(__xludf.DUMMYFUNCTION("""COMPUTED_VALUE"""),"Cabe Ijo") -> Cabe Ijo
A16: 46115 | B16: Sayur | C16: Tomat | D16: =IF(C16="","",IFERROR(VLOOKUP(C16,'Master Data'!$B$2:$C$527,2,FALSE),"")) -> Kg | E16: 4 | H16: =IFERROR('Master Data'!E21,"") | I16: =IFERROR(__xludf.DUMMYFUNCTION("IFERROR(TRANSPOSE(FILTER('Master Data'!$B$2:$B$527,'Master Data'!$A$2:$A$527=$B16)),"""")"),"Wortel") -> Wortel | J16: =IFERROR(__xludf.DUMMYFUNCTION("""COMPUTED_VALUE"""),"Kacang Panjang") -> Kacang Panjang | K16: =IFERROR(__xludf.DUMMYFUNCTION("""COMPUTED_VALUE"""),"Tauge") -> Tauge | L16: =IFERROR(__xludf.DUMMYFUNCTION("""COMPUTED_VALUE"""),"Kubis") -> Kubis | M16: =IFERROR(__xludf.DUMMYFUNCTION("""COMPUTED_VALUE"""),"Buncis") -> Buncis | N16: =IFERROR(__xludf.DUMMYFUNCTION("""COMPUTED_VALUE"""),"Kembang Kol") -> Kembang Kol | O16: =IFERROR(__xludf.DUMMYFUNCTION("""COMPUTED_VALUE"""),"Sawi Putih") -> Sawi Putih | P16: =IFERROR(__xludf.DUMMYFUNCTION("""COMPUTED_VALUE"""),"Caisin") -> Caisin | Q16: =IFERROR(__xludf.DUMMYFUNCTION("""COMPUTED_VALUE"""),"Timun") -> Timun | R16: =IFERROR(__xludf.DUMMYFUNCTION("""COMPUTED_VALUE"""),"Daun Bawang") -> Daun Bawang | S16: =IFERROR(__xludf.DUMMYFUNCTION("""COMPUTED_VALUE"""),"Labu Siam") -> Labu Siam | T16: =IFERROR(__xludf.DUMMYFUNCTION("""COMPUTED_VALUE"""),"Tomat") -> Tomat | U16: =IFERROR(__xludf.DUMMYFUNCTION("""COMPUTED_VALUE"""),"Kemangi") -> Kemangi | V16: =IFERROR(__xludf.DUMMYFUNCTION("""COMPUTED_VALUE"""),"Jagung ") -> Jagung
A17: 46115 | B17: Buah | C17: Melon | D17: =IF(C17="","",IFERROR(VLOOKUP(C17,'Master Data'!$B$2:$C$527,2,FALSE),"")) -> Kg | E17: 57 | H17: =IFERROR('Master Data'!E22,"") | I17: =IFERROR(__xludf.DUMMYFUNCTION("IFERROR(TRANSPOSE(FILTER('Master Data'!$B$2:$B$527,'Master Data'!$A$2:$A$527=$B17)),"""")"),"Melon") -> Melon | J17: =IFERROR(__xludf.DUMMYFUNCTION("""COMPUTED_VALUE"""),"Semangka") -> Semangka | K17: =IFERROR(__xludf.DUMMYFUNCTION("""COMPUTED_VALUE"""),"Jeruk") -> Jeruk | L17: =IFERROR(__xludf.DUMMYFUNCTION("""COMPUTED_VALUE"""),"Pisang") -> Pisang | M17: =IFERROR(__xludf.DUMMYFUNCTION("""COMPUTED_VALUE"""),"Buah Naga") -> Buah Naga | N17: =IFERROR(__xludf.DUMMYFUNCTION("""COMPUTED_VALUE"""),"Salak") -> Salak | O17: =IFERROR(__xludf.DUMMYFUNCTION("""COMPUTED_VALUE"""),"Apel") -> Apel
A18: 46115 | B18: Bumbu Masak Sembako | C18: Tepung Terigu | D18: =IF(C18="","",IFERROR(VLOOKUP(C18,'Master Data'!$B$2:$C$527,2,FALSE),"")) -> Dus | E18: 5 | H18: =IFERROR('Master Data'!E23,"") | I18: =IFERROR(__xludf.DUMMYFUNCTION("IFERROR(TRANSPOSE(FILTER('Master Data'!$B$2:$B$527,'Master Data'!$A$2:$A$527=$B18)),"""")"),"Tepung Terigu") -> Tepung Terigu | J18: =IFERROR(__xludf.DUMMYFUNCTION("""COMPUTED_VALUE"""),"Tepung Tapioka") -> Tepung Tapioka | K18: =IFERROR(__xludf.DUMMYFUNCTION("""COMPUTED_VALUE"""),"Sajiku") -> Sajiku | L18: =IFERROR(__xludf.DUMMYFUNCTION("""COMPUTED_VALUE"""),"Lada") -> Lada | M18: =IFERROR(__xludf.DUMMYFUNCTION("""COMPUTED_VALUE"""),"Minyak Goreng") -> Minyak Goreng | N18: =IFERROR(__xludf.DUMMYFUNCTION("""COMPUTED_VALUE"""),"Maizena") -> Maizena | O18: =IFERROR(__xludf.DUMMYFUNCTION("""COMPUTED_VALUE"""),"Saori") -> Saori | P18: =IFERROR(__xludf.DUMMYFUNCTION("""COMPUTED_VALUE"""),"Tepung Beras") -> Tepung Beras | Q18: =IFERROR(__xludf.DUMMYFUNCTION("""COMPUTED_VALUE"""),"Garam Kasar") -> Garam Kasar | R18: =IFERROR(__xludf.DUMMYFUNCTION("""COMPUTED_VALUE"""),"Garam Halus") -> Garam Halus | S18: =IFERROR(__xludf.DUMMYFUNCTION("""COMPUTED_VALUE"""),"Gula Putih") -> Gula Putih | T18: =IFERROR(__xludf.DUMMYFUNCTION("""COMPUTED_VALUE"""),"Gula Merah") -> Gula Merah | U18: =IFERROR(__xludf.DUMMYFUNCTION("""COMPUTED_VALUE"""),"Kecap") -> Kecap | V18: =IFERROR(__xludf.DUMMYFUNCTION("""COMPUTED_VALUE"""),"Keju") -> Keju | W18: =IFERROR(__xludf.DUMMYFUNCTION("""COMPUTED_VALUE"""),"Bumbu Marinasi") -> Bumbu Marinasi | X18: =IFERROR(__xludf.DUMMYFUNCTION("""COMPUTED_VALUE"""),"Saos Tomat") -> Saos Tomat | Y18: =IFERROR(__xludf.DUMMYFUNCTION("""COMPUTED_VALUE"""),"Tepung Panir") -> Tepung Panir | Z18: =IFERROR(__xludf.DUMMYFUNCTION("""COMPUTED_VALUE"""),"Asem Jawa") -> Asem Jawa
A19: 46115 | B19: Bumbu Masak Sembako | C19: Sajiku | D19: =IF(C19="","",IFERROR(VLOOKUP(C19,'Master Data'!$B$2:$C$527,2,FALSE),"")) -> Kg | E19: 1 | H19: =IFERROR('Master Data'!E25,"") | I19: =IFERROR(__xludf.DUMMYFUNCTION("IFERROR(TRANSPOSE(FILTER('Master Data'!$B$2:$B$527,'Master Data'!$A$2:$A$527=$B19)),"""")"),"Tepung Terigu") -> Tepung Terigu | J19: =IFERROR(__xludf.DUMMYFUNCTION("""COMPUTED_VALUE"""),"Tepung Tapioka") -> Tepung Tapioka | K19: =IFERROR(__xludf.DUMMYFUNCTION("""COMPUTED_VALUE"""),"Sajiku") -> Sajiku | L19: =IFERROR(__xludf.DUMMYFUNCTION("""COMPUTED_VALUE"""),"Lada") -> Lada | M19: =IFERROR(__xludf.DUMMYFUNCTION("""COMPUTED_VALUE"""),"Minyak Goreng") -> Minyak Goreng | N19: =IFERROR(__xludf.DUMMYFUNCTION("""COMPUTED_VALUE"""),"Maizena") -> Maizena | O19: =IFERROR(__xludf.DUMMYFUNCTION("""COMPUTED_VALUE"""),"Saori") -> Saori | P19: =IFERROR(__xludf.DUMMYFUNCTION("""COMPUTED_VALUE"""),"Tepung Beras") -> Tepung Beras | Q19: =IFERROR(__xludf.DUMMYFUNCTION("""COMPUTED_VALUE"""),"Garam Kasar") -> Garam Kasar | R19: =IFERROR(__xludf.DUMMYFUNCTION("""COMPUTED_VALUE"""),"Garam Halus") -> Garam Halus | S19: =IFERROR(__xludf.DUMMYFUNCTION("""COMPUTED_VALUE"""),"Gula Putih") -> Gula Putih | T19: =IFERROR(__xludf.DUMMYFUNCTION("""COMPUTED_VALUE"""),"Gula Merah") -> Gula Merah | U19: =IFERROR(__xludf.DUMMYFUNCTION("""COMPUTED_VALUE"""),"Kecap") -> Kecap | V19: =IFERROR(__xludf.DUMMYFUNCTION("""COMPUTED_VALUE"""),"Keju") -> Keju | W19: =IFERROR(__xludf.DUMMYFUNCTION("""COMPUTED_VALUE"""),"Bumbu Marinasi") -> Bumbu Marinasi | X19: =IFERROR(__xludf.DUMMYFUNCTION("""COMPUTED_VALUE"""),"Saos Tomat") -> Saos Tomat | Y19: =IFERROR(__xludf.DUMMYFUNCTION("""COMPUTED_VALUE"""),"Tepung Panir") -> Tepung Panir | Z19: =IFERROR(__xludf.DUMMYFUNCTION("""COMPUTED_VALUE"""),"Asem Jawa") -> Asem Jawa
A20: 46115 | B20: Isi Ulang | C20: Galon | D20: =IF(C20="","",IFERROR(VLOOKUP(C20,'Master Data'!$B$2:$C$527,2,FALSE),"")) -> Buah | E20: 10 | H20: =IFERROR('Master Data'!E42,"") | I20: =IFERROR(__xludf.DUMMYFUNCTION("IFERROR(TRANSPOSE(FILTER('Master Data'!$B$2:$B$527,'Master Data'!$A$2:$A$527=$B20)),"""")"),"Galon") -> Galon | J20: =IFERROR(__xludf.DUMMYFUNCTION("""COMPUTED_VALUE"""),"Tedmon") -> Tedmon | K20: =IFERROR(__xludf.DUMMYFUNCTION("""COMPUTED_VALUE"""),"Gas") -> Gas
A21: 46115 | B21: Isi Ulang | C21: Gas | D21: =IF(C21="","",IFERROR(VLOOKUP(C21,'Master Data'!$B$2:$C$527,2,FALSE),"")) -> Tabung | E21: 2 | H21: =IFERROR('Master Data'!E43,"") | I21: =IFERROR(__xludf.DUMMYFUNCTION("IFERROR(TRANSPOSE(FILTER('Master Data'!$B$2:$B$527,'Master Data'!$A$2:$A$527=$B21)),"""")"),"Galon") -> Galon | J21: =IFERROR(__xludf.DUMMYFUNCTION("""COMPUTED_VALUE"""),"Tedmon") -> Tedmon | K21: =IFERROR(__xludf.DUMMYFUNCTION("""COMPUTED_VALUE"""),"Gas") -> Gas
A22: 46115 | B22: Isi Ulang | C22: Tedmon | D22: =IF(C22="","",IFERROR(VLOOKUP(C22,'Master Data'!$B$2:$C$527,2,FALSE),"")) -> Buah | E22: 3 | H22: =IFERROR('Master Data'!E44,"") | I22: =IFERROR(__xludf.DUMMYFUNCTION("IFERROR(TRANSPOSE(FILTER('Master Data'!$B$2:$B$527,'Master Data'!$A$2:$A$527=$B22)),"""")"),"Galon") -> Galon | J22: =IFERROR(__xludf.DUMMYFUNCTION("""COMPUTED_VALUE"""),"Tedmon") -> Tedmon | K22: =IFERROR(__xludf.DUMMYFUNCTION("""COMPUTED_VALUE"""),"Gas") -> Gas
A23: 46115 | D23: =IF(C23="","",IFERROR(VLOOKUP(C23,'Master Data'!$B$2:$C$527,2,FALSE),"")) | H23: =IFERROR('Master Data'!E45,"") | I23: =IFERROR(__xludf.DUMMYFUNCTION("IFERROR(TRANSPOSE(FILTER('Master Data'!$B$2:$B$527,'Master Data'!$A$2:$A$527=$B23)),"""")"),"")
A24: 46115 | D24: =IF(C24="","",IFERROR(VLOOKUP(C24,'Master Data'!$B$2:$C$527,2,FALSE),"")) | H24: =IFERROR('Master Data'!E47,"") | I24: =IFERROR(__xludf.DUMMYFUNCTION("IFERROR(TRANSPOSE(FILTER('Master Data'!$B$2:$B$527,'Master Data'!$A$2:$A$527=$B24)),"""")"),"")
A25: 46115 | D25: =IF(C25="","",IFERROR(VLOOKUP(C25,'Master Data'!$B$2:$C$527,2,FALSE),"")) | H25: =IFERROR('Master Data'!E48,"") | I25: =IFERROR(__xludf.DUMMYFUNCTION("IFERROR(TRANSPOSE(FILTER('Master Data'!$B$2:$B$527,'Master Data'!$A$2:$A$527=$B25)),"""")"),"")
D26: =IF(C26="","",IFERROR(VLOOKUP(C26,'Master Data'!$B$2:$C$527,2,FALSE),"")) | H26: =IFERROR('Master Data'!E49,"") | I26: =IFERROR(__xludf.DUMMYFUNCTION("IFERROR(TRANSPOSE(FILTER('Master Data'!$B$2:$B$527,'Master Data'!$A$2:$A$527=$B26)),"""")"),"")
D27: =IF(C27="","",IFERROR(VLOOKUP(C27,'Master Data'!$B$2:$C$527,2,FALSE),"")) | H27: =IFERROR('Master Data'!E50,"") | I27: =IFERROR(__xludf.DUMMYFUNCTION("IFERROR(TRANSPOSE(FILTER('Master Data'!$B$2:$B$527,'Master Data'!$A$2:$A$527=$B27)),"""")"),"")
D28: =IF(C28="","",IFERROR(VLOOKUP(C28,'Master Data'!$B$2:$C$527,2,FALSE),"")) | H28: =IFERROR('Master Data'!E51,"") | I28: =IFERROR(__xludf.DUMMYFUNCTION("IFERROR(TRANSPOSE(FILTER('Master Data'!$B$2:$B$527,'Master Data'!$A$2:$A$527=$B28)),"""")"),"")
D29: =IF(C29="","",IFERROR(VLOOKUP(C29,'Master Data'!$B$2:$C$527,2,FALSE),"")) | H29: =IFERROR('Master Data'!E52,"") | I29: =IFERROR(__xludf.DUMMYFUNCTION("IFERROR(TRANSPOSE(FILTER('Master Data'!$B$2:$B$527,'Master Data'!$A$2:$A$527=$B29)),"""")"),"")
D30: =IF(C30="","",IFERROR(VLOOKUP(C30,'Master Data'!$B$2:$C$527,2,FALSE),"")) | H30: =IFERROR('Master Data'!E53,"") | I30: =IFERROR(__xludf.DUMMYFUNCTION("IFERROR(TRANSPOSE(FILTER('Master Data'!$B$2:$B$527,'Master Data'!$A$2:$A$527=$B30)),"""")"),"")
D31: =IF(C31="","",IFERROR(VLOOKUP(C31,'Master Data'!$B$2:$C$527,2,FALSE),"")) | H31: =IFERROR('Master Data'!E55,"") | I31: =IFERROR(__xludf.DUMMYFUNCTION("IFERROR(TRANSPOSE(FILTER('Master Data'!$B$2:$B$527,'Master Data'!$A$2:$A$527=$B31)),"""")"),"")
D32: =IF(C32="","",IFERROR(VLOOKUP(C32,'Master Data'!$B$2:$C$527,2,FALSE),"")) | H32: =IFERROR('Master Data'!E58,"") | I32: =IFERROR(__xludf.DUMMYFUNCTION("IFERROR(TRANSPOSE(FILTER('Master Data'!$B$2:$B$527,'Master Data'!$A$2:$A$527=$B32)),"""")"),"")
D33: =IF(C33="","",IFERROR(VLOOKUP(C33,'Master Data'!$B$2:$C$527,2,FALSE),"")) | H33: =IFERROR('Master Data'!E59,"") | I33: =IFERROR(__xludf.DUMMYFUNCTION("IFERROR(TRANSPOSE(FILTER('Master Data'!$B$2:$B$527,'Master Data'!$A$2:$A$527=$B33)),"""")"),"")
D34: =IF(C34="","",IFERROR(VLOOKUP(C34,'Master Data'!$B$2:$C$527,2,FALSE),"")) | H34: =IFERROR('Master Data'!E61,"") | I34: =IFERROR(__xludf.DUMMYFUNCTION("IFERROR(TRANSPOSE(FILTER('Master Data'!$B$2:$B$527,'Master Data'!$A$2:$A$527=$B34)),"""")"),"")
D35: =IF(C35="","",IFERROR(VLOOKUP(C35,'Master Data'!$B$2:$C$527,2,FALSE),"")) | H35: =IFERROR('Master Data'!E62,"") | I35: =IFERROR(__xludf.DUMMYFUNCTION("IFERROR(TRANSPOSE(FILTER('Master Data'!$B$2:$B$527,'Master Data'!$A$2:$A$527=$B35)),"""")"),"")
D36: =IF(C36="","",IFERROR(VLOOKUP(C36,'Master Data'!$B$2:$C$527,2,FALSE),"")) | H36: =IFERROR('Master Data'!E63,"") | I36: =IFERROR(__xludf.DUMMYFUNCTION("IFERROR(TRANSPOSE(FILTER('Master Data'!$B$2:$B$527,'Master Data'!$A$2:$A$527=$B36)),"""")"),"")
D37: =IF(C37="","",IFERROR(VLOOKUP(C37,'Master Data'!$B$2:$C$527,2,FALSE),"")) | H37: =IFERROR('Master Data'!E64,"") | I37: =IFERROR(__xludf.DUMMYFUNCTION("IFERROR(TRANSPOSE(FILTER('Master Data'!$B$2:$B$527,'Master Data'!$A$2:$A$527=$B37)),"""")"),"")
D38: =IF(C38="","",IFERROR(VLOOKUP(C38,'Master Data'!$B$2:$C$527,2,FALSE),"")) | H38: =IFERROR('Master Data'!E65,"") | I38: =IFERROR(__xludf.DUMMYFUNCTION("IFERROR(TRANSPOSE(FILTER('Master Data'!$B$2:$B$527,'Master Data'!$A$2:$A$527=$B38)),"""")"),"")
D39: =IF(C39="","",IFERROR(VLOOKUP(C39,'Master Data'!$B$2:$C$527,2,FALSE),"")) | H39: =IFERROR('Master Data'!E66,"") | I39: =IFERROR(__xludf.DUMMYFUNCTION("IFERROR(TRANSPOSE(FILTER('Master Data'!$B$2:$B$527,'Master Data'!$A$2:$A$527=$B39)),"""")"),"")
D40: =IF(C40="","",IFERROR(VLOOKUP(C40,'Master Data'!$B$2:$C$527,2,FALSE),"")) | H40: =IFERROR('Master Data'!E67,"") | I40: =IFERROR(__xludf.DUMMYFUNCTION("IFERROR(TRANSPOSE(FILTER('Master Data'!$B$2:$B$527,'Master Data'!$A$2:$A$527=$B40)),"""")"),"")
D41: =IF(C41="","",IFERROR(VLOOKUP(C41,'Master Data'!$B$2:$C$527,2,FALSE),"")) | H41: =IFERROR('Master Data'!E69,"") | I41: =IFERROR(__xludf.DUMMYFUNCTION("IFERROR(TRANSPOSE(FILTER('Master Data'!$B$2:$B$527,'Master Data'!$A$2:$A$527=$B41)),"""")"),"")
D42: =IF(C42="","",IFERROR(VLOOKUP(C42,'Master Data'!$B$2:$C$527,2,FALSE),"")) | H42: =IFERROR('Master Data'!E72,"") | I42: =IFERROR(__xludf.DUMMYFUNCTION("IFERROR(TRANSPOSE(FILTER('Master Data'!$B$2:$B$527,'Master Data'!$A$2:$A$527=$B42)),"""")"),"")
D43: =IF(C43="","",IFERROR(VLOOKUP(C43,'Master Data'!$B$2:$C$527,2,FALSE),"")) | H43: =IFERROR('Master Data'!E79,"") | I43: =IFERROR(__xludf.DUMMYFUNCTION("IFERROR(TRANSPOSE(FILTER('Master Data'!$B$2:$B$527,'Master Data'!$A$2:$A$527=$B43)),"""")"),"")
D44: =IF(C44="","",IFERROR(VLOOKUP(C44,'Master Data'!$B$2:$C$527,2,FALSE),"")) | H44: =IFERROR('Master Data'!E80,"") | I44: =IFERROR(__xludf.DUMMYFUNCTION("IFERROR(TRANSPOSE(FILTER('Master Data'!$B$2:$B$527,'Master Data'!$A$2:$A$527=$B44)),"""")"),"")
D45: =IF(C45="","",IFERROR(VLOOKUP(C45,'Master Data'!$B$2:$C$527,2,FALSE),"")) | H45: =IFERROR('Master Data'!E81,"") | I45: =IFERROR(__xludf.DUMMYFUNCTION("IFERROR(TRANSPOSE(FILTER('Master Data'!$B$2:$B$527,'Master Data'!$A$2:$A$527=$B45)),"""")"),"")
D46: =IF(C46="","",IFERROR(VLOOKUP(C46,'Master Data'!$B$2:$C$527,2,FALSE),"")) | H46: =IFERROR('Master Data'!E82,"") | I46: =IFERROR(__xludf.DUMMYFUNCTION("IFERROR(TRANSPOSE(FILTER('Master Data'!$B$2:$B$527,'Master Data'!$A$2:$A$527=$B46)),"""")"),"")
D47: =IF(C47="","",IFERROR(VLOOKUP(C47,'Master Data'!$B$2:$C$527,2,FALSE),"")) | H47: =IFERROR('Master Data'!E83,"") | I47: =IFERROR(__xludf.DUMMYFUNCTION("IFERROR(TRANSPOSE(FILTER('Master Data'!$B$2:$B$527,'Master Data'!$A$2:$A$527=$B47)),"""")"),"")
D48: =IF(C48="","",IFERROR(VLOOKUP(C48,'Master Data'!$B$2:$C$527,2,FALSE),"")) | H48: =IFERROR('Master Data'!E84,"") | I48: =IFERROR(__xludf.DUMMYFUNCTION("IFERROR(TRANSPOSE(FILTER('Master Data'!$B$2:$B$527,'Master Data'!$A$2:$A$527=$B48)),"""")"),"")
D49: =IF(C49="","",IFERROR(VLOOKUP(C49,'Master Data'!$B$2:$C$527,2,FALSE),"")) | H49: =IFERROR('Master Data'!E85,"") | I49: =IFERROR(__xludf.DUMMYFUNCTION("IFERROR(TRANSPOSE(FILTER('Master Data'!$B$2:$B$527,'Master Data'!$A$2:$A$527=$B49)),"""")"),"")
D50: =IF(C50="","",IFERROR(VLOOKUP(C50,'Master Data'!$B$2:$C$527,2,FALSE),"")) | H50: =IFERROR('Master Data'!E86,"") | I50: =IFERROR(__xludf.DUMMYFUNCTION("IFERROR(TRANSPOSE(FILTER('Master Data'!$B$2:$B$527,'Master Data'!$A$2:$A$527=$B50)),"""")"),"")
D51: =IF(C51="","",IFERROR(VLOOKUP(C51,'Master Data'!$B$2:$C$527,2,FALSE),"")) | H51: =IFERROR('Master Data'!E87,"") | I51: =IFERROR(__xludf.DUMMYFUNCTION("IFERROR(TRANSPOSE(FILTER('Master Data'!$B$2:$B$527,'Master Data'!$A$2:$A$527=$B51)),"""")"),"")
D52: =IF(C52="","",IFERROR(VLOOKUP(C52,'Master Data'!$B$2:$C$527,2,FALSE),"")) | H52: =IFERROR('Master Data'!E88,"") | I52: =IFERROR(__xludf.DUMMYFUNCTION("IFERROR(TRANSPOSE(FILTER('Master Data'!$B$2:$B$527,'Master Data'!$A$2:$A$527=$B52)),"""")"),"")
D53: =IF(C53="","",IFERROR(VLOOKUP(C53,'Master Data'!$B$2:$C$527,2,FALSE),"")) | H53: =IFERROR('Master Data'!E89,"") | I53: =IFERROR(__xludf.DUMMYFUNCTION("IFERROR(TRANSPOSE(FILTER('Master Data'!$B$2:$B$527,'Master Data'!$A$2:$A$527=$B53)),"""")"),"")
D54: =IF(C54="","",IFERROR(VLOOKUP(C54,'Master Data'!$B$2:$C$527,2,FALSE),"")) | H54: =IFERROR('Master Data'!E90,"") | I54: =IFERROR(__xludf.DUMMYFUNCTION("IFERROR(TRANSPOSE(FILTER('Master Data'!$B$2:$B$527,'Master Data'!$A$2:$A$527=$B54)),"""")"),"")
D55: =IF(C55="","",IFERROR(VLOOKUP(C55,'Master Data'!$B$2:$C$527,2,FALSE),"")) | H55: =IFERROR('Master Data'!E91,"") | I55: =IFERROR(__xludf.DUMMYFUNCTION("IFERROR(TRANSPOSE(FILTER('Master Data'!$B$2:$B$527,'Master Data'!$A$2:$A$527=$B55)),"""")"),"")
D56: =IF(C56="","",IFERROR(VLOOKUP(C56,'Master Data'!$B$2:$C$527,2,FALSE),"")) | H56: =IFERROR('Master Data'!E92,"") | I56: =IFERROR(__xludf.DUMMYFUNCTION("IFERROR(TRANSPOSE(FILTER('Master Data'!$B$2:$B$527,'Master Data'!$A$2:$A$527=$B56)),"""")"),"")
D57: =IF(C57="","",IFERROR(VLOOKUP(C57,'Master Data'!$B$2:$C$527,2,FALSE),"")) | H57: =IFERROR('Master Data'!E93,"") | I57: =IFERROR(__xludf.DUMMYFUNCTION("IFERROR(TRANSPOSE(FILTER('Master Data'!$B$2:$B$527,'Master Data'!$A$2:$A$527=$B57)),"""")"),"")
D58: =IF(C58="","",IFERROR(VLOOKUP(C58,'Master Data'!$B$2:$C$527,2,FALSE),"")) | H58: =IFERROR('Master Data'!E94,"") | I58: =IFERROR(__xludf.DUMMYFUNCTION("IFERROR(TRANSPOSE(FILTER('Master Data'!$B$2:$B$527,'Master Data'!$A$2:$A$527=$B58)),"""")"),"")
D59: =IF(C59="","",IFERROR(VLOOKUP(C59,'Master Data'!$B$2:$C$527,2,FALSE),"")) | H59: =IFERROR('Master Data'!E95,"") | I59: =IFERROR(__xludf.DUMMYFUNCTION("IFERROR(TRANSPOSE(FILTER('Master Data'!$B$2:$B$527,'Master Data'!$A$2:$A$527=$B59)),"""")"),"")
D60: =IF(C60="","",IFERROR(VLOOKUP(C60,'Master Data'!$B$2:$C$527,2,FALSE),"")) | H60: =IFERROR('Master Data'!E96,"") | I60: =IFERROR(__xludf.DUMMYFUNCTION("IFERROR(TRANSPOSE(FILTER('Master Data'!$B$2:$B$527,'Master Data'!$A$2:$A$527=$B60)),"""")"),"")
D61: =IF(C61="","",IFERROR(VLOOKUP(C61,'Master Data'!$B$2:$C$527,2,FALSE),"")) | H61: =IFERROR('Master Data'!E97,"") | I61: =IFERROR(__xludf.DUMMYFUNCTION("IFERROR(TRANSPOSE(FILTER('Master Data'!$B$2:$B$527,'Master Data'!$A$2:$A$527=$B61)),"""")"),"")
D62: =IF(C62="","",IFERROR(VLOOKUP(C62,'Master Data'!$B$2:$C$527,2,FALSE),"")) | H62: =IFERROR('Master Data'!E98,"") | I62: =IFERROR(__xludf.DUMMYFUNCTION("IFERROR(TRANSPOSE(FILTER('Master Data'!$B$2:$B$527,'Master Data'!$A$2:$A$527=$B62)),"""")"),"")
D63: =IF(C63="","",IFERROR(VLOOKUP(C63,'Master Data'!$B$2:$C$527,2,FALSE),"")) | H63: =IFERROR('Master Data'!E99,"") | I63: =IFERROR(__xludf.DUMMYFUNCTION("IFERROR(TRANSPOSE(FILTER('Master Data'!$B$2:$B$527,'Master Data'!$A$2:$A$527=$B63)),"""")"),"")
D64: =IF(C64="","",IFERROR(VLOOKUP(C64,'Master Data'!$B$2:$C$527,2,FALSE),"")) | H64: =IFERROR('Master Data'!E100,"") | I64: =IFERROR(__xludf.DUMMYFUNCTION("IFERROR(TRANSPOSE(FILTER('Master Data'!$B$2:$B$527,'Master Data'!$A$2:$A$527=$B64)),"""")"),"")
D65: =IF(C65="","",IFERROR(VLOOKUP(C65,'Master Data'!$B$2:$C$527,2,FALSE),"")) | H65: =IFERROR('Master Data'!E101,"") | I65: =IFERROR(__xludf.DUMMYFUNCTION("IFERROR(TRANSPOSE(FILTER('Master Data'!$B$2:$B$527,'Master Data'!$A$2:$A$527=$B65)),"""")"),"")
D66: =IF(C66="","",IFERROR(VLOOKUP(C66,'Master Data'!$B$2:$C$527,2,FALSE),"")) | H66: =IFERROR('Master Data'!E102,"") | I66: =IFERROR(__xludf.DUMMYFUNCTION("IFERROR(TRANSPOSE(FILTER('Master Data'!$B$2:$B$527,'Master Data'!$A$2:$A$527=$B66)),"""")"),"")
D67: =IF(C67="","",IFERROR(VLOOKUP(C67,'Master Data'!$B$2:$C$527,2,FALSE),"")) | H67: =IFERROR('Master Data'!E103,"") | I67: =IFERROR(__xludf.DUMMYFUNCTION("IFERROR(TRANSPOSE(FILTER('Master Data'!$B$2:$B$527,'Master Data'!$A$2:$A$527=$B67)),"""")"),"")
D68: =IF(C68="","",IFERROR(VLOOKUP(C68,'Master Data'!$B$2:$C$527,2,FALSE),"")) | H68: =IFERROR('Master Data'!E104,"") | I68: =IFERROR(__xludf.DUMMYFUNCTION("IFERROR(TRANSPOSE(FILTER('Master Data'!$B$2:$B$527,'Master Data'!$A$2:$A$527=$B68)),"""")"),"")
D69: =IF(C69="","",IFERROR(VLOOKUP(C69,'Master Data'!$B$2:$C$527,2,FALSE),"")) | H69: =IFERROR('Master Data'!E105,"") | I69: =IFERROR(__xludf.DUMMYFUNCTION("IFERROR(TRANSPOSE(FILTER('Master Data'!$B$2:$B$527,'Master Data'!$A$2:$A$527=$B69)),"""")"),"")
D70: =IF(C70="","",IFERROR(VLOOKUP(C70,'Master Data'!$B$2:$C$527,2,FALSE),"")) | H70: =IFERROR('Master Data'!E106,"") | I70: =IFERROR(__xludf.DUMMYFUNCTION("IFERROR(TRANSPOSE(FILTER('Master Data'!$B$2:$B$527,'Master Data'!$A$2:$A$527=$B70)),"""")"),"")
D71: =IF(C71="","",IFERROR(VLOOKUP(C71,'Master Data'!$B$2:$C$527,2,FALSE),"")) | H71: =IFERROR('Master Data'!E107,"") | I71: =IFERROR(__xludf.DUMMYFUNCTION("IFERROR(TRANSPOSE(FILTER('Master Data'!$B$2:$B$527,'Master Data'!$A$2:$A$527=$B71)),"""")"),"")
D72: =IF(C72="","",IFERROR(VLOOKUP(C72,'Master Data'!$B$2:$C$527,2,FALSE),"")) | H72: =IFERROR('Master Data'!E108,"") | I72: =IFERROR(__xludf.DUMMYFUNCTION("IFERROR(TRANSPOSE(FILTER('Master Data'!$B$2:$B$527,'Master Data'!$A$2:$A$527=$B72)),"""")"),"")
D73: =IF(C73="","",IFERROR(VLOOKUP(C73,'Master Data'!$B$2:$C$527,2,FALSE),"")) | H73: =IFERROR('Master Data'!E109,"") | I73: =IFERROR(__xludf.DUMMYFUNCTION("IFERROR(TRANSPOSE(FILTER('Master Data'!$B$2:$B$527,'Master Data'!$A$2:$A$527=$B73)),"""")"),"")
D74: =IF(C74="","",IFERROR(VLOOKUP(C74,'Master Data'!$B$2:$C$527,2,FALSE),"")) | H74: =IFERROR('Master Data'!E110,"") | I74: =IFERROR(__xludf.DUMMYFUNCTION("IFERROR(TRANSPOSE(FILTER('Master Data'!$B$2:$B$527,'Master Data'!$A$2:$A$527=$B74)),"""")"),"")
D75: =IF(C75="","",IFERROR(VLOOKUP(C75,'Master Data'!$B$2:$C$527,2,FALSE),"")) | H75: =IFERROR('Master Data'!E111,"") | I75: =IFERROR(__xludf.DUMMYFUNCTION("IFERROR(TRANSPOSE(FILTER('Master Data'!$B$2:$B$527,'Master Data'!$A$2:$A$527=$B75)),"""")"),"")
D76: =IF(C76="","",IFERROR(VLOOKUP(C76,'Master Data'!$B$2:$C$527,2,FALSE),"")) | H76: =IFERROR('Master Data'!E112,"") | I76: =IFERROR(__xludf.DUMMYFUNCTION("IFERROR(TRANSPOSE(FILTER('Master Data'!$B$2:$B$527,'Master Data'!$A$2:$A$527=$B76)),"""")"),"")
D77: =IF(C77="","",IFERROR(VLOOKUP(C77,'Master Data'!$B$2:$C$527,2,FALSE),"")) | H77: =IFERROR('Master Data'!E113,"") | I77: =IFERROR(__xludf.DUMMYFUNCTION("IFERROR(TRANSPOSE(FILTER('Master Data'!$B$2:$B$527,'Master Data'!$A$2:$A$527=$B77)),"""")"),"")
D78: =IF(C78="","",IFERROR(VLOOKUP(C78,'Master Data'!$B$2:$C$527,2,FALSE),"")) | H78: =IFERROR('Master Data'!E114,"") | I78: =IFERROR(__xludf.DUMMYFUNCTION("IFERROR(TRANSPOSE(FILTER('Master Data'!$B$2:$B$527,'Master Data'!$A$2:$A$527=$B78)),"""")"),"")
D79: =IF(C79="","",IFERROR(VLOOKUP(C79,'Master Data'!$B$2:$C$527,2,FALSE),"")) | H79: =IFERROR('Master Data'!E115,"") | I79: =IFERROR(__xludf.DUMMYFUNCTION("IFERROR(TRANSPOSE(FILTER('Master Data'!$B$2:$B$527,'Master Data'!$A$2:$A$527=$B79)),"""")"),"")
D80: =IF(C80="","",IFERROR(VLOOKUP(C80,'Master Data'!$B$2:$C$527,2,FALSE),"")) | H80: =IFERROR('Master Data'!E116,"") | I80: =IFERROR(__xludf.DUMMYFUNCTION("IFERROR(TRANSPOSE(FILTER('Master Data'!$B$2:$B$527,'Master Data'!$A$2:$A$527=$B80)),"""")"),"")
D81: =IF(C81="","",IFERROR(VLOOKUP(C81,'Master Data'!$B$2:$C$527,2,FALSE),"")) | H81: =IFERROR('Master Data'!E117,"") | I81: =IFERROR(__xludf.DUMMYFUNCTION("IFERROR(TRANSPOSE(FILTER('Master Data'!$B$2:$B$527,'Master Data'!$A$2:$A$527=$B81)),"""")"),"")
D82: =IF(C82="","",IFERROR(VLOOKUP(C82,'Master Data'!$B$2:$C$527,2,FALSE),"")) | H82: =IFERROR('Master Data'!E118,"") | I82: =IFERROR(__xludf.DUMMYFUNCTION("IFERROR(TRANSPOSE(FILTER('Master Data'!$B$2:$B$527,'Master Data'!$A$2:$A$527=$B82)),"""")"),"")
D83: =IF(C83="","",IFERROR(VLOOKUP(C83,'Master Data'!$B$2:$C$527,2,FALSE),"")) | H83: =IFERROR('Master Data'!E119,"") | I83: =IFERROR(__xludf.DUMMYFUNCTION("IFERROR(TRANSPOSE(FILTER('Master Data'!$B$2:$B$527,'Master Data'!$A$2:$A$527=$B83)),"""")"),"")
D84: =IF(C84="","",IFERROR(VLOOKUP(C84,'Master Data'!$B$2:$C$527,2,FALSE),"")) | H84: =IFERROR('Master Data'!E120,"") | I84: =IFERROR(__xludf.DUMMYFUNCTION("IFERROR(TRANSPOSE(FILTER('Master Data'!$B$2:$B$527,'Master Data'!$A$2:$A$527=$B84)),"""")"),"")
D85: =IF(C85="","",IFERROR(VLOOKUP(C85,'Master Data'!$B$2:$C$527,2,FALSE),"")) | H85: =IFERROR('Master Data'!E121,"") | I85: =IFERROR(__xludf.DUMMYFUNCTION("IFERROR(TRANSPOSE(FILTER('Master Data'!$B$2:$B$527,'Master Data'!$A$2:$A$527=$B85)),"""")"),"")
D86: =IF(C86="","",IFERROR(VLOOKUP(C86,'Master Data'!$B$2:$C$527,2,FALSE),"")) | H86: =IFERROR('Master Data'!E122,"") | I86: =IFERROR(__xludf.DUMMYFUNCTION("IFERROR(TRANSPOSE(FILTER('Master Data'!$B$2:$B$527,'Master Data'!$A$2:$A$527=$B86)),"""")"),"")
D87: =IF(C87="","",IFERROR(VLOOKUP(C87,'Master Data'!$B$2:$C$527,2,FALSE),"")) | H87: =IFERROR('Master Data'!E123,"") | I87: =IFERROR(__xludf.DUMMYFUNCTION("IFERROR(TRANSPOSE(FILTER('Master Data'!$B$2:$B$527,'Master Data'!$A$2:$A$527=$B87)),"""")"),"")
D88: =IF(C88="","",IFERROR(VLOOKUP(C88,'Master Data'!$B$2:$C$527,2,FALSE),"")) | H88: =IFERROR('Master Data'!E124,"") | I88: =IFERROR(__xludf.DUMMYFUNCTION("IFERROR(TRANSPOSE(FILTER('Master Data'!$B$2:$B$527,'Master Data'!$A$2:$A$527=$B88)),"""")"),"")
D89: =IF(C89="","",IFERROR(VLOOKUP(C89,'Master Data'!$B$2:$C$527,2,FALSE),"")) | H89: =IFERROR('Master Data'!E125,"") | I89: =IFERROR(__xludf.DUMMYFUNCTION("IFERROR(TRANSPOSE(FILTER('Master Data'!$B$2:$B$527,'Master Data'!$A$2:$A$527=$B89)),"""")"),"")
D90: =IF(C90="","",IFERROR(VLOOKUP(C90,'Master Data'!$B$2:$C$527,2,FALSE),"")) | H90: =IFERROR('Master Data'!E126,"") | I90: =IFERROR(__xludf.DUMMYFUNCTION("IFERROR(TRANSPOSE(FILTER('Master Data'!$B$2:$B$527,'Master Data'!$A$2:$A$527=$B90)),"""")"),"")
D91: =IF(C91="","",IFERROR(VLOOKUP(C91,'Master Data'!$B$2:$C$527,2,FALSE),"")) | H91: =IFERROR('Master Data'!E127,"") | I91: =IFERROR(__xludf.DUMMYFUNCTION("IFERROR(TRANSPOSE(FILTER('Master Data'!$B$2:$B$527,'Master Data'!$A$2:$A$527=$B91)),"""")"),"")
D92: =IF(C92="","",IFERROR(VLOOKUP(C92,'Master Data'!$B$2:$C$527,2,FALSE),"")) | H92: =IFERROR('Master Data'!E128,"") | I92: =IFERROR(__xludf.DUMMYFUNCTION("IFERROR(TRANSPOSE(FILTER('Master Data'!$B$2:$B$527,'Master Data'!$A$2:$A$527=$B92)),"""")"),"")
D93: =IF(C93="","",IFERROR(VLOOKUP(C93,'Master Data'!$B$2:$C$527,2,FALSE),"")) | H93: =IFERROR('Master Data'!E129,"") | I93: =IFERROR(__xludf.DUMMYFUNCTION("IFERROR(TRANSPOSE(FILTER('Master Data'!$B$2:$B$527,'Master Data'!$A$2:$A$527=$B93)),"""")"),"")
D94: =IF(C94="","",IFERROR(VLOOKUP(C94,'Master Data'!$B$2:$C$527,2,FALSE),"")) | H94: =IFERROR('Master Data'!E130,"") | I94: =IFERROR(__xludf.DUMMYFUNCTION("IFERROR(TRANSPOSE(FILTER('Master Data'!$B$2:$B$527,'Master Data'!$A$2:$A$527=$B94)),"""")"),"")
D95: =IF(C95="","",IFERROR(VLOOKUP(C95,'Master Data'!$B$2:$C$527,2,FALSE),"")) | H95: =IFERROR('Master Data'!E131,"") | I95: =IFERROR(__xludf.DUMMYFUNCTION("IFERROR(TRANSPOSE(FILTER('Master Data'!$B$2:$B$527,'Master Data'!$A$2:$A$527=$B95)),"""")"),"")
D96: =IF(C96="","",IFERROR(VLOOKUP(C96,'Master Data'!$B$2:$C$527,2,FALSE),"")) | H96: =IFERROR('Master Data'!E132,"") | I96: =IFERROR(__xludf.DUMMYFUNCTION("IFERROR(TRANSPOSE(FILTER('Master Data'!$B$2:$B$527,'Master Data'!$A$2:$A$527=$B96)),"""")"),"")
D97: =IF(C97="","",IFERROR(VLOOKUP(C97,'Master Data'!$B$2:$C$527,2,FALSE),"")) | H97: =IFERROR('Master Data'!E133,"") | I97: =IFERROR(__xludf.DUMMYFUNCTION("IFERROR(TRANSPOSE(FILTER('Master Data'!$B$2:$B$527,'Master Data'!$A$2:$A$527=$B97)),"""")"),"")
D98: =IF(C98="","",IFERROR(VLOOKUP(C98,'Master Data'!$B$2:$C$527,2,FALSE),"")) | H98: =IFERROR('Master Data'!E134,"") | I98: =IFERROR(__xludf.DUMMYFUNCTION("IFERROR(TRANSPOSE(FILTER('Master Data'!$B$2:$B$527,'Master Data'!$A$2:$A$527=$B98)),"""")"),"")
D99: =IF(C99="","",IFERROR(VLOOKUP(C99,'Master Data'!$B$2:$C$527,2,FALSE),"")) | H99: =IFERROR('Master Data'!E135,"") | I99: =IFERROR(__xludf.DUMMYFUNCTION("IFERROR(TRANSPOSE(FILTER('Master Data'!$B$2:$B$527,'Master Data'!$A$2:$A$527=$B99)),"""")"),"")
D100: =IF(C100="","",IFERROR(VLOOKUP(C100,'Master Data'!$B$2:$C$527,2,FALSE),"")) | H100: =IFERROR('Master Data'!E136,"") | I100: =IFERROR(__xludf.DUMMYFUNCTION("IFERROR(TRANSPOSE(FILTER('Master Data'!$B$2:$B$527,'Master Data'!$A$2:$A$527=$B100)),"""")"),"")
...

Sheet 4 April 2026
H1: Helper Kategori | I1: Helper Pilihan Bahan
A2: SATUAN PELAYANAN PEMENUHAN GIZI (SPPG) BATTU WINANGUN NOTA PEMESANAN BAHAN MAKANAN | H2: =IFERROR('Master Data'!E2,"") -> Karbohidrat
H3: =IFERROR('Master Data'!E3,"") -> Protein Hewani
H4: =IFERROR('Master Data'!E4,"") -> Protein Nabati
H5: =IFERROR('Master Data'!E5,"") -> Sayur
H6: =IFERROR('Master Data'!E6,"") -> Buah
A7: Tanggal | B7: Kategori Makanan | C7: Bahan Makanan | D7: Satuan | E7: Jumlah | H7: =IFERROR('Master Data'!E7,"") -> Bumbu Masak Sayur
A8: 46116 | B8: Karbohidrat | C8: Beras | D8: =IF(C8="","",IFERROR(VLOOKUP(C8,'Master Data'!$B$2:$C$527,2,FALSE),"")) -> Kg | E8: 228 | H8: =IFERROR('Master Data'!E8,"") -> Bumbu Masak Sembako | I8: =IFERROR(__xludf.DUMMYFUNCTION("IFERROR(TRANSPOSE(FILTER('Master Data'!$B$2:$B$527,'Master Data'!$A$2:$A$527=$B8)),"""")"),"Beras") -> Beras | J8: =IFERROR(__xludf.DUMMYFUNCTION("""COMPUTED_VALUE"""),"Mie") -> Mie | K8: =IFERROR(__xludf.DUMMYFUNCTION("""COMPUTED_VALUE"""),"Kentang") -> Kentang | L8: =IFERROR(__xludf.DUMMYFUNCTION("""COMPUTED_VALUE"""),"Jagung") -> Jagung | M8: =IFERROR(__xludf.DUMMYFUNCTION("""COMPUTED_VALUE"""),"Roti") -> Roti | N8: =IFERROR(__xludf.DUMMYFUNCTION("""COMPUTED_VALUE"""),"Singkong") -> Singkong | O8: =IFERROR(__xludf.DUMMYFUNCTION("""COMPUTED_VALUE"""),"Ubi") -> Ubi | P8: =IFERROR(__xludf.DUMMYFUNCTION("""COMPUTED_VALUE"""),"Makaroni") -> Makaroni
A9: 46116 | B9: Protein Hewani | C9: Ikan Patin Fillet | D9: =IF(C9="","",IFERROR(VLOOKUP(C9,'Master Data'!$B$2:$C$527,2,FALSE),"")) -> Kg | E9: 137 | H9: =IFERROR('Master Data'!E9,"") -> Isi Ulang | I9: =IFERROR(__xludf.DUMMYFUNCTION("IFERROR(TRANSPOSE(FILTER('Master Data'!$B$2:$B$527,'Master Data'!$A$2:$A$527=$B9)),"""")"),"Daging Ayam Fillet") -> Daging Ayam Fillet | J9: =IFERROR(__xludf.DUMMYFUNCTION("""COMPUTED_VALUE"""),"Daging Ayam Tulang (Potong)") -> Daging Ayam Tulang (Potong) | K9: =IFERROR(__xludf.DUMMYFUNCTION("""COMPUTED_VALUE"""),"Ikan Patin Fillet") -> Ikan Patin Fillet | L9: =IFERROR(__xludf.DUMMYFUNCTION("""COMPUTED_VALUE"""),"Telur") -> Telur | M9: =IFERROR(__xludf.DUMMYFUNCTION("""COMPUTED_VALUE"""),"Ikan giling") -> Ikan giling | N9: =IFERROR(__xludf.DUMMYFUNCTION("""COMPUTED_VALUE"""),"Ayam Giling") -> Ayam Giling | O9: =IFERROR(__xludf.DUMMYFUNCTION("""COMPUTED_VALUE"""),"Daging Sapi") -> Daging Sapi | P9: =IFERROR(__xludf.DUMMYFUNCTION("""COMPUTED_VALUE"""),"Udang") -> Udang | Q9: =IFERROR(__xludf.DUMMYFUNCTION("""COMPUTED_VALUE"""),"Susu UHT") -> Susu UHT
A10: 46116 | B10: Protein Nabati | C10: Tahu | D10: =IF(C10="","",IFERROR(VLOOKUP(C10,'Master Data'!$B$2:$C$527,2,FALSE),"")) -> Pcs | E10: 2882 | H10: =IFERROR('Master Data'!E10,"") -> Packaging | I10: =IFERROR(__xludf.DUMMYFUNCTION("IFERROR(TRANSPOSE(FILTER('Master Data'!$B$2:$B$527,'Master Data'!$A$2:$A$527=$B10)),"""")"),"Tempe") -> Tempe | J10: =IFERROR(__xludf.DUMMYFUNCTION("""COMPUTED_VALUE"""),"Tahu") -> Tahu | K10: =IFERROR(__xludf.DUMMYFUNCTION("""COMPUTED_VALUE"""),"Kacang Hijau") -> Kacang Hijau | L10: =IFERROR(__xludf.DUMMYFUNCTION("""COMPUTED_VALUE"""),"Kacang Tanah") -> Kacang Tanah | M10: =IFERROR(__xludf.DUMMYFUNCTION("""COMPUTED_VALUE"""),"Kedelai") -> Kedelai | N10: =IFERROR(__xludf.DUMMYFUNCTION("""COMPUTED_VALUE"""),"Oncom") -> Oncom
A11: 46116 | B11: Sayur | C11: Kembang Kol | D11: =IF(C11="","",IFERROR(VLOOKUP(C11,'Master Data'!$B$2:$C$527,2,FALSE),"")) -> Kg | E11: 32 | H11: =IFERROR('Master Data'!E12,"") | I11: =IFERROR(__xludf.DUMMYFUNCTION("IFERROR(TRANSPOSE(FILTER('Master Data'!$B$2:$B$527,'Master Data'!$A$2:$A$527=$B11)),"""")"),"Wortel") -> Wortel | J11: =IFERROR(__xludf.DUMMYFUNCTION("""COMPUTED_VALUE"""),"Kacang Panjang") -> Kacang Panjang | K11: =IFERROR(__xludf.DUMMYFUNCTION("""COMPUTED_VALUE"""),"Tauge") -> Tauge | L11: =IFERROR(__xludf.DUMMYFUNCTION("""COMPUTED_VALUE"""),"Kubis") -> Kubis | M11: =IFERROR(__xludf.DUMMYFUNCTION("""COMPUTED_VALUE"""),"Buncis") -> Buncis | N11: =IFERROR(__xludf.DUMMYFUNCTION("""COMPUTED_VALUE"""),"Kembang Kol") -> Kembang Kol | O11: =IFERROR(__xludf.DUMMYFUNCTION("""COMPUTED_VALUE"""),"Sawi Putih") -> Sawi Putih | P11: =IFERROR(__xludf.DUMMYFUNCTION("""COMPUTED_VALUE"""),"Caisin") -> Caisin | Q11: =IFERROR(__xludf.DUMMYFUNCTION("""COMPUTED_VALUE"""),"Timun") -> Timun | R11: =IFERROR(__xludf.DUMMYFUNCTION("""COMPUTED_VALUE"""),"Daun Bawang") -> Daun Bawang | S11: =IFERROR(__xludf.DUMMYFUNCTION("""COMPUTED_VALUE"""),"Labu Siam") -> Labu Siam | T11: =IFERROR(__xludf.DUMMYFUNCTION("""COMPUTED_VALUE"""),"Tomat") -> Tomat | U11: =IFERROR(__xludf.DUMMYFUNCTION("""COMPUTED_VALUE"""),"Kemangi") -> Kemangi | V11: =IFERROR(__xludf.DUMMYFUNCTION("""COMPUTED_VALUE"""),"Jagung ") -> Jagung
A12: 46116 | B12: Sayur | C12: Wortel | D12: =IF(C12="","",IFERROR(VLOOKUP(C12,'Master Data'!$B$2:$C$527,2,FALSE),"")) -> Kg | E12: 57 | H12: =IFERROR('Master Data'!E14,"") | I12: =IFERROR(__xludf.DUMMYFUNCTION("IFERROR(TRANSPOSE(FILTER('Master Data'!$B$2:$B$527,'Master Data'!$A$2:$A$527=$B12)),"""")"),"Wortel") -> Wortel | J12: =IFERROR(__xludf.DUMMYFUNCTION("""COMPUTED_VALUE"""),"Kacang Panjang") -> Kacang Panjang | K12: =IFERROR(__xludf.DUMMYFUNCTION("""COMPUTED_VALUE"""),"Tauge") -> Tauge | L12: =IFERROR(__xludf.DUMMYFUNCTION("""COMPUTED_VALUE"""),"Kubis") -> Kubis | M12: =IFERROR(__xludf.DUMMYFUNCTION("""COMPUTED_VALUE"""),"Buncis") -> Buncis | N12: =IFERROR(__xludf.DUMMYFUNCTION("""COMPUTED_VALUE"""),"Kembang Kol") -> Kembang Kol | O12: =IFERROR(__xludf.DUMMYFUNCTION("""COMPUTED_VALUE"""),"Sawi Putih") -> Sawi Putih | P12: =IFERROR(__xludf.DUMMYFUNCTION("""COMPUTED_VALUE"""),"Caisin") -> Caisin | Q12: =IFERROR(__xludf.DUMMYFUNCTION("""COMPUTED_VALUE"""),"Timun") -> Timun | R12: =IFERROR(__xludf.DUMMYFUNCTION("""COMPUTED_VALUE"""),"Daun Bawang") -> Daun Bawang | S12: =IFERROR(__xludf.DUMMYFUNCTION("""COMPUTED_VALUE"""),"Labu Siam") -> Labu Siam | T12: =IFERROR(__xludf.DUMMYFUNCTION("""COMPUTED_VALUE"""),"Tomat") -> Tomat | U12: =IFERROR(__xludf.DUMMYFUNCTION("""COMPUTED_VALUE"""),"Kemangi") -> Kemangi | V12: =IFERROR(__xludf.DUMMYFUNCTION("""COMPUTED_VALUE"""),"Jagung ") -> Jagung
A13: 46116 | B13: Sayur | C13: Caisin | D13: =IF(C13="","",IFERROR(VLOOKUP(C13,'Master Data'!$B$2:$C$527,2,FALSE),"")) -> Kg | E13: 90 | H13: =IFERROR('Master Data'!E17,"") | I13: =IFERROR(__xludf.DUMMYFUNCTION("IFERROR(TRANSPOSE(FILTER('Master Data'!$B$2:$B$527,'Master Data'!$A$2:$A$527=$B13)),"""")"),"Wortel") -> Wortel | J13: =IFERROR(__xludf.DUMMYFUNCTION("""COMPUTED_VALUE"""),"Kacang Panjang") -> Kacang Panjang | K13: =IFERROR(__xludf.DUMMYFUNCTION("""COMPUTED_VALUE"""),"Tauge") -> Tauge | L13: =IFERROR(__xludf.DUMMYFUNCTION("""COMPUTED_VALUE"""),"Kubis") -> Kubis | M13: =IFERROR(__xludf.DUMMYFUNCTION("""COMPUTED_VALUE"""),"Buncis") -> Buncis | N13: =IFERROR(__xludf.DUMMYFUNCTION("""COMPUTED_VALUE"""),"Kembang Kol") -> Kembang Kol | O13: =IFERROR(__xludf.DUMMYFUNCTION("""COMPUTED_VALUE"""),"Sawi Putih") -> Sawi Putih | P13: =IFERROR(__xludf.DUMMYFUNCTION("""COMPUTED_VALUE"""),"Caisin") -> Caisin | Q13: =IFERROR(__xludf.DUMMYFUNCTION("""COMPUTED_VALUE"""),"Timun") -> Timun | R13: =IFERROR(__xludf.DUMMYFUNCTION("""COMPUTED_VALUE"""),"Daun Bawang") -> Daun Bawang | S13: =IFERROR(__xludf.DUMMYFUNCTION("""COMPUTED_VALUE"""),"Labu Siam") -> Labu Siam | T13: =IFERROR(__xludf.DUMMYFUNCTION("""COMPUTED_VALUE"""),"Tomat") -> Tomat | U13: =IFERROR(__xludf.DUMMYFUNCTION("""COMPUTED_VALUE"""),"Kemangi") -> Kemangi | V13: =IFERROR(__xludf.DUMMYFUNCTION("""COMPUTED_VALUE"""),"Jagung ") -> Jagung
A14: 46116 | B14: Bumbu Masak Sayur | C14: Cabe Merah | D14: =IF(C14="","",IFERROR(VLOOKUP(C14,'Master Data'!$B$2:$C$527,2,FALSE),"")) -> Kg | E14: 1 | H14: =IFERROR('Master Data'!E18,"") | I14: =IFERROR(__xludf.DUMMYFUNCTION("IFERROR(TRANSPOSE(FILTER('Master Data'!$B$2:$B$527,'Master Data'!$A$2:$A$527=$B14)),"""")"),"Bawang Merah") -> Bawang Merah | J14: =IFERROR(__xludf.DUMMYFUNCTION("""COMPUTED_VALUE"""),"Bawang Putih") -> Bawang Putih | K14: =IFERROR(__xludf.DUMMYFUNCTION("""COMPUTED_VALUE"""),"Laos") -> Laos | L14: =IFERROR(__xludf.DUMMYFUNCTION("""COMPUTED_VALUE"""),"Serai") -> Serai | M14: =IFERROR(__xludf.DUMMYFUNCTION("""COMPUTED_VALUE"""),"Cabe Merah") -> Cabe Merah | N14: =IFERROR(__xludf.DUMMYFUNCTION("""COMPUTED_VALUE"""),"Bawang Bombay") -> Bawang Bombay | O14: =IFERROR(__xludf.DUMMYFUNCTION("""COMPUTED_VALUE"""),"Ketumbar") -> Ketumbar | P14: =IFERROR(__xludf.DUMMYFUNCTION("""COMPUTED_VALUE"""),"Kencur") -> Kencur | Q14: =IFERROR(__xludf.DUMMYFUNCTION("""COMPUTED_VALUE"""),"Kunyit") -> Kunyit | R14: =IFERROR(__xludf.DUMMYFUNCTION("""COMPUTED_VALUE"""),"Jahe") -> Jahe | S14: =IFERROR(__xludf.DUMMYFUNCTION("""COMPUTED_VALUE"""),"Kelapa Parut") -> Kelapa Parut | T14: =IFERROR(__xludf.DUMMYFUNCTION("""COMPUTED_VALUE"""),"Cabe Ijo") -> Cabe Ijo
A15: 46116 | B15: Bumbu Masak Sayur | C15: Bawang Putih | D15: =IF(C15="","",IFERROR(VLOOKUP(C15,'Master Data'!$B$2:$C$527,2,FALSE),"")) -> Kg | E15: 4 | H15: =IFERROR('Master Data'!E19,"") | I15: =IFERROR(__xludf.DUMMYFUNCTION("IFERROR(TRANSPOSE(FILTER('Master Data'!$B$2:$B$527,'Master Data'!$A$2:$A$527=$B15)),"""")"),"Bawang Merah") -> Bawang Merah | J15: =IFERROR(__xludf.DUMMYFUNCTION("""COMPUTED_VALUE"""),"Bawang Putih") -> Bawang Putih | K15: =IFERROR(__xludf.DUMMYFUNCTION("""COMPUTED_VALUE"""),"Laos") -> Laos | L15: =IFERROR(__xludf.DUMMYFUNCTION("""COMPUTED_VALUE"""),"Serai") -> Serai | M15: =IFERROR(__xludf.DUMMYFUNCTION("""COMPUTED_VALUE"""),"Cabe Merah") -> Cabe Merah | N15: =IFERROR(__xludf.DUMMYFUNCTION("""COMPUTED_VALUE"""),"Bawang Bombay") -> Bawang Bombay | O15: =IFERROR(__xludf.DUMMYFUNCTION("""COMPUTED_VALUE"""),"Ketumbar") -> Ketumbar | P15: =IFERROR(__xludf.DUMMYFUNCTION("""COMPUTED_VALUE"""),"Kencur") -> Kencur | Q15: =IFERROR(__xludf.DUMMYFUNCTION("""COMPUTED_VALUE"""),"Kunyit") -> Kunyit | R15: =IFERROR(__xludf.DUMMYFUNCTION("""COMPUTED_VALUE"""),"Jahe") -> Jahe | S15: =IFERROR(__xludf.DUMMYFUNCTION("""COMPUTED_VALUE"""),"Kelapa Parut") -> Kelapa Parut | T15: =IFERROR(__xludf.DUMMYFUNCTION("""COMPUTED_VALUE"""),"Cabe Ijo") -> Cabe Ijo
A16: 46116 | B16: Bumbu Masak Sayur | C16: Bawang Merah | D16: =IF(C16="","",IFERROR(VLOOKUP(C16,'Master Data'!$B$2:$C$527,2,FALSE),"")) -> Kg | E16: 4 | H16: =IFERROR('Master Data'!E21,"") | I16: =IFERROR(__xludf.DUMMYFUNCTION("IFERROR(TRANSPOSE(FILTER('Master Data'!$B$2:$B$527,'Master Data'!$A$2:$A$527=$B16)),"""")"),"Bawang Merah") -> Bawang Merah | J16: =IFERROR(__xludf.DUMMYFUNCTION("""COMPUTED_VALUE"""),"Bawang Putih") -> Bawang Putih | K16: =IFERROR(__xludf.DUMMYFUNCTION("""COMPUTED_VALUE"""),"Laos") -> Laos | L16: =IFERROR(__xludf.DUMMYFUNCTION("""COMPUTED_VALUE"""),"Serai") -> Serai | M16: =IFERROR(__xludf.DUMMYFUNCTION("""COMPUTED_VALUE"""),"Cabe Merah") -> Cabe Merah | N16: =IFERROR(__xludf.DUMMYFUNCTION("""COMPUTED_VALUE"""),"Bawang Bombay") -> Bawang Bombay | O16: =IFERROR(__xludf.DUMMYFUNCTION("""COMPUTED_VALUE"""),"Ketumbar") -> Ketumbar | P16: =IFERROR(__xludf.DUMMYFUNCTION("""COMPUTED_VALUE"""),"Kencur") -> Kencur | Q16: =IFERROR(__xludf.DUMMYFUNCTION("""COMPUTED_VALUE"""),"Kunyit") -> Kunyit | R16: =IFERROR(__xludf.DUMMYFUNCTION("""COMPUTED_VALUE"""),"Jahe") -> Jahe | S16: =IFERROR(__xludf.DUMMYFUNCTION("""COMPUTED_VALUE"""),"Kelapa Parut") -> Kelapa Parut | T16: =IFERROR(__xludf.DUMMYFUNCTION("""COMPUTED_VALUE"""),"Cabe Ijo") -> Cabe Ijo
A17: 46116 | B17: Buah | C17: Jeruk | D17: =IF(C17="","",IFERROR(VLOOKUP(C17,'Master Data'!$B$2:$C$527,2,FALSE),"")) -> Kg | E17: 347 | H17: =IFERROR('Master Data'!E22,"") | I17: =IFERROR(__xludf.DUMMYFUNCTION("IFERROR(TRANSPOSE(FILTER('Master Data'!$B$2:$B$527,'Master Data'!$A$2:$A$527=$B17)),"""")"),"Melon") -> Melon | J17: =IFERROR(__xludf.DUMMYFUNCTION("""COMPUTED_VALUE"""),"Semangka") -> Semangka | K17: =IFERROR(__xludf.DUMMYFUNCTION("""COMPUTED_VALUE"""),"Jeruk") -> Jeruk | L17: =IFERROR(__xludf.DUMMYFUNCTION("""COMPUTED_VALUE"""),"Pisang") -> Pisang | M17: =IFERROR(__xludf.DUMMYFUNCTION("""COMPUTED_VALUE"""),"Buah Naga") -> Buah Naga | N17: =IFERROR(__xludf.DUMMYFUNCTION("""COMPUTED_VALUE"""),"Salak") -> Salak | O17: =IFERROR(__xludf.DUMMYFUNCTION("""COMPUTED_VALUE"""),"Apel") -> Apel
A18: 46116 | B18: Bumbu Masak Sembako | C18: Tepung Beras | D18: =IF(C18="","",IFERROR(VLOOKUP(C18,'Master Data'!$B$2:$C$527,2,FALSE),"")) -> Dus | E18: 4 | H18: =IFERROR('Master Data'!E23,"") | I18: =IFERROR(__xludf.DUMMYFUNCTION("IFERROR(TRANSPOSE(FILTER('Master Data'!$B$2:$B$527,'Master Data'!$A$2:$A$527=$B18)),"""")"),"Tepung Terigu") -> Tepung Terigu | J18: =IFERROR(__xludf.DUMMYFUNCTION("""COMPUTED_VALUE"""),"Tepung Tapioka") -> Tepung Tapioka | K18: =IFERROR(__xludf.DUMMYFUNCTION("""COMPUTED_VALUE"""),"Sajiku") -> Sajiku | L18: =IFERROR(__xludf.DUMMYFUNCTION("""COMPUTED_VALUE"""),"Lada") -> Lada | M18: =IFERROR(__xludf.DUMMYFUNCTION("""COMPUTED_VALUE"""),"Minyak Goreng") -> Minyak Goreng | N18: =IFERROR(__xludf.DUMMYFUNCTION("""COMPUTED_VALUE"""),"Maizena") -> Maizena | O18: =IFERROR(__xludf.DUMMYFUNCTION("""COMPUTED_VALUE"""),"Saori") -> Saori | P18: =IFERROR(__xludf.DUMMYFUNCTION("""COMPUTED_VALUE"""),"Tepung Beras") -> Tepung Beras | Q18: =IFERROR(__xludf.DUMMYFUNCTION("""COMPUTED_VALUE"""),"Garam Kasar") -> Garam Kasar | R18: =IFERROR(__xludf.DUMMYFUNCTION("""COMPUTED_VALUE"""),"Garam Halus") -> Garam Halus | S18: =IFERROR(__xludf.DUMMYFUNCTION("""COMPUTED_VALUE"""),"Gula Putih") -> Gula Putih | T18: =IFERROR(__xludf.DUMMYFUNCTION("""COMPUTED_VALUE"""),"Gula Merah") -> Gula Merah | U18: =IFERROR(__xludf.DUMMYFUNCTION("""COMPUTED_VALUE"""),"Kecap") -> Kecap | V18: =IFERROR(__xludf.DUMMYFUNCTION("""COMPUTED_VALUE"""),"Keju") -> Keju | W18: =IFERROR(__xludf.DUMMYFUNCTION("""COMPUTED_VALUE"""),"Bumbu Marinasi") -> Bumbu Marinasi | X18: =IFERROR(__xludf.DUMMYFUNCTION("""COMPUTED_VALUE"""),"Saos Tomat") -> Saos Tomat | Y18: =IFERROR(__xludf.DUMMYFUNCTION("""COMPUTED_VALUE"""),"Tepung Panir") -> Tepung Panir | Z18: =IFERROR(__xludf.DUMMYFUNCTION("""COMPUTED_VALUE"""),"Asem Jawa") -> Asem Jawa
A19: 46116 | B19: Bumbu Masak Sembako | C19: Maizena | D19: =IF(C19="","",IFERROR(VLOOKUP(C19,'Master Data'!$B$2:$C$527,2,FALSE),"")) -> Pack | E19: 5 | H19: =IFERROR('Master Data'!E25,"") | I19: =IFERROR(__xludf.DUMMYFUNCTION("IFERROR(TRANSPOSE(FILTER('Master Data'!$B$2:$B$527,'Master Data'!$A$2:$A$527=$B19)),"""")"),"Tepung Terigu") -> Tepung Terigu | J19: =IFERROR(__xludf.DUMMYFUNCTION("""COMPUTED_VALUE"""),"Tepung Tapioka") -> Tepung Tapioka | K19: =IFERROR(__xludf.DUMMYFUNCTION("""COMPUTED_VALUE"""),"Sajiku") -> Sajiku | L19: =IFERROR(__xludf.DUMMYFUNCTION("""COMPUTED_VALUE"""),"Lada") -> Lada | M19: =IFERROR(__xludf.DUMMYFUNCTION("""COMPUTED_VALUE"""),"Minyak Goreng") -> Minyak Goreng | N19: =IFERROR(__xludf.DUMMYFUNCTION("""COMPUTED_VALUE"""),"Maizena") -> Maizena | O19: =IFERROR(__xludf.DUMMYFUNCTION("""COMPUTED_VALUE"""),"Saori") -> Saori | P19: =IFERROR(__xludf.DUMMYFUNCTION("""COMPUTED_VALUE"""),"Tepung Beras") -> Tepung Beras | Q19: =IFERROR(__xludf.DUMMYFUNCTION("""COMPUTED_VALUE"""),"Garam Kasar") -> Garam Kasar | R19: =IFERROR(__xludf.DUMMYFUNCTION("""COMPUTED_VALUE"""),"Garam Halus") -> Garam Halus | S19: =IFERROR(__xludf.DUMMYFUNCTION("""COMPUTED_VALUE"""),"Gula Putih") -> Gula Putih | T19: =IFERROR(__xludf.DUMMYFUNCTION("""COMPUTED_VALUE"""),"Gula Merah") -> Gula Merah | U19: =IFERROR(__xludf.DUMMYFUNCTION("""COMPUTED_VALUE"""),"Kecap") -> Kecap | V19: =IFERROR(__xludf.DUMMYFUNCTION("""COMPUTED_VALUE"""),"Keju") -> Keju | W19: =IFERROR(__xludf.DUMMYFUNCTION("""COMPUTED_VALUE"""),"Bumbu Marinasi") -> Bumbu Marinasi | X19: =IFERROR(__xludf.DUMMYFUNCTION("""COMPUTED_VALUE"""),"Saos Tomat") -> Saos Tomat | Y19: =IFERROR(__xludf.DUMMYFUNCTION("""COMPUTED_VALUE"""),"Tepung Panir") -> Tepung Panir | Z19: =IFERROR(__xludf.DUMMYFUNCTION("""COMPUTED_VALUE"""),"Asem Jawa") -> Asem Jawa
A20: 46116 | B20: Isi Ulang | C20: Galon | D20: =IF(C20="","",IFERROR(VLOOKUP(C20,'Master Data'!$B$2:$C$527,2,FALSE),"")) -> Buah | E20: 25 | H20: =IFERROR('Master Data'!E42,"") | I20: =IFERROR(__xludf.DUMMYFUNCTION("IFERROR(TRANSPOSE(FILTER('Master Data'!$B$2:$B$527,'Master Data'!$A$2:$A$527=$B20)),"""")"),"Galon") -> Galon | J20: =IFERROR(__xludf.DUMMYFUNCTION("""COMPUTED_VALUE"""),"Tedmon") -> Tedmon | K20: =IFERROR(__xludf.DUMMYFUNCTION("""COMPUTED_VALUE"""),"Gas") -> Gas
A21: 46116 | B21: Isi Ulang | C21: Gas | D21: =IF(C21="","",IFERROR(VLOOKUP(C21,'Master Data'!$B$2:$C$527,2,FALSE),"")) -> Tabung | E21: 5 | H21: =IFERROR('Master Data'!E43,"") | I21: =IFERROR(__xludf.DUMMYFUNCTION("IFERROR(TRANSPOSE(FILTER('Master Data'!$B$2:$B$527,'Master Data'!$A$2:$A$527=$B21)),"""")"),"Galon") -> Galon | J21: =IFERROR(__xludf.DUMMYFUNCTION("""COMPUTED_VALUE"""),"Tedmon") -> Tedmon | K21: =IFERROR(__xludf.DUMMYFUNCTION("""COMPUTED_VALUE"""),"Gas") -> Gas
A22: 46116 | B22: Isi Ulang | C22: Tedmon | D22: =IF(C22="","",IFERROR(VLOOKUP(C22,'Master Data'!$B$2:$C$527,2,FALSE),"")) -> Buah | E22: 7 | H22: =IFERROR('Master Data'!E44,"") | I22: =IFERROR(__xludf.DUMMYFUNCTION("IFERROR(TRANSPOSE(FILTER('Master Data'!$B$2:$B$527,'Master Data'!$A$2:$A$527=$B22)),"""")"),"Galon") -> Galon | J22: =IFERROR(__xludf.DUMMYFUNCTION("""COMPUTED_VALUE"""),"Tedmon") -> Tedmon | K22: =IFERROR(__xludf.DUMMYFUNCTION("""COMPUTED_VALUE"""),"Gas") -> Gas
A23: 46116 | B23: Bumbu Masak Sembako | C23: Gula Putih | D23: =IF(C23="","",IFERROR(VLOOKUP(C23,'Master Data'!$B$2:$C$527,2,FALSE),"")) -> Kg | E23: 5 | H23: =IFERROR('Master Data'!E45,"") | I23: =IFERROR(__xludf.DUMMYFUNCTION("IFERROR(TRANSPOSE(FILTER('Master Data'!$B$2:$B$527,'Master Data'!$A$2:$A$527=$B23)),"""")"),"Tepung Terigu") -> Tepung Terigu | J23: =IFERROR(__xludf.DUMMYFUNCTION("""COMPUTED_VALUE"""),"Tepung Tapioka") -> Tepung Tapioka | K23: =IFERROR(__xludf.DUMMYFUNCTION("""COMPUTED_VALUE"""),"Sajiku") -> Sajiku | L23: =IFERROR(__xludf.DUMMYFUNCTION("""COMPUTED_VALUE"""),"Lada") -> Lada | M23: =IFERROR(__xludf.DUMMYFUNCTION("""COMPUTED_VALUE"""),"Minyak Goreng") -> Minyak Goreng | N23: =IFERROR(__xludf.DUMMYFUNCTION("""COMPUTED_VALUE"""),"Maizena") -> Maizena | O23: =IFERROR(__xludf.DUMMYFUNCTION("""COMPUTED_VALUE"""),"Saori") -> Saori | P23: =IFERROR(__xludf.DUMMYFUNCTION("""COMPUTED_VALUE"""),"Tepung Beras") -> Tepung Beras | Q23: =IFERROR(__xludf.DUMMYFUNCTION("""COMPUTED_VALUE"""),"Garam Kasar") -> Garam Kasar | R23: =IFERROR(__xludf.DUMMYFUNCTION("""COMPUTED_VALUE"""),"Garam Halus") -> Garam Halus | S23: =IFERROR(__xludf.DUMMYFUNCTION("""COMPUTED_VALUE"""),"Gula Putih") -> Gula Putih | T23: =IFERROR(__xludf.DUMMYFUNCTION("""COMPUTED_VALUE"""),"Gula Merah") -> Gula Merah | U23: =IFERROR(__xludf.DUMMYFUNCTION("""COMPUTED_VALUE"""),"Kecap") -> Kecap | V23: =IFERROR(__xludf.DUMMYFUNCTION("""COMPUTED_VALUE"""),"Keju") -> Keju | W23: =IFERROR(__xludf.DUMMYFUNCTION("""COMPUTED_VALUE"""),"Bumbu Marinasi") -> Bumbu Marinasi | X23: =IFERROR(__xludf.DUMMYFUNCTION("""COMPUTED_VALUE"""),"Saos Tomat") -> Saos Tomat | Y23: =IFERROR(__xludf.DUMMYFUNCTION("""COMPUTED_VALUE"""),"Tepung Panir") -> Tepung Panir | Z23: =IFERROR(__xludf.DUMMYFUNCTION("""COMPUTED_VALUE"""),"Asem Jawa") -> Asem Jawa
A24: 46116 | B24: Bumbu Masak Sembako | C24: Gula Merah | D24: =IF(C24="","",IFERROR(VLOOKUP(C24,'Master Data'!$B$2:$C$527,2,FALSE),"")) -> Kg | E24: 5 | H24: =IFERROR('Master Data'!E47,"") | I24: =IFERROR(__xludf.DUMMYFUNCTION("IFERROR(TRANSPOSE(FILTER('Master Data'!$B$2:$B$527,'Master Data'!$A$2:$A$527=$B24)),"""")"),"Tepung Terigu") -> Tepung Terigu | J24: =IFERROR(__xludf.DUMMYFUNCTION("""COMPUTED_VALUE"""),"Tepung Tapioka") -> Tepung Tapioka | K24: =IFERROR(__xludf.DUMMYFUNCTION("""COMPUTED_VALUE"""),"Sajiku") -> Sajiku | L24: =IFERROR(__xludf.DUMMYFUNCTION("""COMPUTED_VALUE"""),"Lada") -> Lada | M24: =IFERROR(__xludf.DUMMYFUNCTION("""COMPUTED_VALUE"""),"Minyak Goreng") -> Minyak Goreng | N24: =IFERROR(__xludf.DUMMYFUNCTION("""COMPUTED_VALUE"""),"Maizena") -> Maizena | O24: =IFERROR(__xludf.DUMMYFUNCTION("""COMPUTED_VALUE"""),"Saori") -> Saori | P24: =IFERROR(__xludf.DUMMYFUNCTION("""COMPUTED_VALUE"""),"Tepung Beras") -> Tepung Beras | Q24: =IFERROR(__xludf.DUMMYFUNCTION("""COMPUTED_VALUE"""),"Garam Kasar") -> Garam Kasar | R24: =IFERROR(__xludf.DUMMYFUNCTION("""COMPUTED_VALUE"""),"Garam Halus") -> Garam Halus | S24: =IFERROR(__xludf.DUMMYFUNCTION("""COMPUTED_VALUE"""),"Gula Putih") -> Gula Putih | T24: =IFERROR(__xludf.DUMMYFUNCTION("""COMPUTED_VALUE"""),"Gula Merah") -> Gula Merah | U24: =IFERROR(__xludf.DUMMYFUNCTION("""COMPUTED_VALUE"""),"Kecap") -> Kecap | V24: =IFERROR(__xludf.DUMMYFUNCTION("""COMPUTED_VALUE"""),"Keju") -> Keju | W24: =IFERROR(__xludf.DUMMYFUNCTION("""COMPUTED_VALUE"""),"Bumbu Marinasi") -> Bumbu Marinasi | X24: =IFERROR(__xludf.DUMMYFUNCTION("""COMPUTED_VALUE"""),"Saos Tomat") -> Saos Tomat | Y24: =IFERROR(__xludf.DUMMYFUNCTION("""COMPUTED_VALUE"""),"Tepung Panir") -> Tepung Panir | Z24: =IFERROR(__xludf.DUMMYFUNCTION("""COMPUTED_VALUE"""),"Asem Jawa") -> Asem Jawa
